<?xml version="1.0"?>
<BundleData>
  <bundleItemsData>
    <bundleItemData itemId="c56dc119-70aa-40b6-ae95-c539d2150586" dataTypeName="Sage.Platform.Projects.Localization.ResourcePackageCollection, Sage.Platform.Projects">
      <ArrayOfResourcePackage xmlns:xsi="http://www.w3.org/2001/XMLSchema-instance" xmlns:xsd="http://www.w3.org/2001/XMLSchema">
        <ResourcePackage>
          <ResourceKey>MailQueue.DisplayName</ResourceKey>
          <Items>
            <ResourcePackageItem>
              <IsString>true</IsString>
              <CultureName />
              <SerializedResourceData>MailQueue</SerializedResourceData>
            </ResourcePackageItem>
          </Items>
        </ResourcePackage>
        <ResourcePackage>
          <ResourceKey>MailQueue.DisplayNamePlural</ResourceKey>
          <Items />
        </ResourcePackage>
        <ResourcePackage>
          <ResourceKey>MailQueue.MailQueueId.DisplayName</ResourceKey>
          <Items>
            <ResourcePackageItem>
              <IsString>true</IsString>
              <CultureName />
              <SerializedResourceData>Id</SerializedResourceData>
            </ResourcePackageItem>
          </Items>
        </ResourcePackage>
        <ResourcePackage>
          <ResourceKey>MailQueue.CreateUser.DisplayName</ResourceKey>
          <Items>
            <ResourcePackageItem>
              <IsString>true</IsString>
              <CultureName />
              <SerializedResourceData>Create User</SerializedResourceData>
            </ResourcePackageItem>
          </Items>
        </ResourcePackage>
        <ResourcePackage>
          <ResourceKey>MailQueue.CreateDate.DisplayName</ResourceKey>
          <Items>
            <ResourcePackageItem>
              <IsString>true</IsString>
              <CultureName />
              <SerializedResourceData>Create Date</SerializedResourceData>
            </ResourcePackageItem>
          </Items>
        </ResourcePackage>
        <ResourcePackage>
          <ResourceKey>MailQueue.ModifyUser.DisplayName</ResourceKey>
          <Items>
            <ResourcePackageItem>
              <IsString>true</IsString>
              <CultureName />
              <SerializedResourceData>Modify User</SerializedResourceData>
            </ResourcePackageItem>
          </Items>
        </ResourcePackage>
        <ResourcePackage>
          <ResourceKey>MailQueue.ModifyDate.DisplayName</ResourceKey>
          <Items>
            <ResourcePackageItem>
              <IsString>true</IsString>
              <CultureName />
              <SerializedResourceData>Modify Date</SerializedResourceData>
            </ResourcePackageItem>
          </Items>
        </ResourcePackage>
        <ResourcePackage>
          <ResourceKey>MailQueue.ToAddress.DisplayName</ResourceKey>
          <Items>
            <ResourcePackageItem>
              <IsString>true</IsString>
              <CultureName />
              <SerializedResourceData>ToAddress</SerializedResourceData>
            </ResourcePackageItem>
          </Items>
        </ResourcePackage>
        <ResourcePackage>
          <ResourceKey>MailQueue.FromAddress.DisplayName</ResourceKey>
          <Items>
            <ResourcePackageItem>
              <IsString>true</IsString>
              <CultureName />
              <SerializedResourceData>FromAddress</SerializedResourceData>
            </ResourcePackageItem>
          </Items>
        </ResourcePackage>
        <ResourcePackage>
          <ResourceKey>MailQueue.Subject.DisplayName</ResourceKey>
          <Items>
            <ResourcePackageItem>
              <IsString>true</IsString>
              <CultureName />
              <SerializedResourceData>Subject</SerializedResourceData>
            </ResourcePackageItem>
          </Items>
        </ResourcePackage>
        <ResourcePackage>
          <ResourceKey>MailQueue.Body.DisplayName</ResourceKey>
          <Items>
            <ResourcePackageItem>
              <IsString>true</IsString>
              <CultureName />
              <SerializedResourceData>Body</SerializedResourceData>
            </ResourcePackageItem>
          </Items>
        </ResourcePackage>
        <ResourcePackage>
          <ResourceKey>MailQueue.IsHtml.DisplayName</ResourceKey>
          <Items>
            <ResourcePackageItem>
              <IsString>true</IsString>
              <CultureName />
              <SerializedResourceData>IsHtml</SerializedResourceData>
            </ResourcePackageItem>
          </Items>
        </ResourcePackage>
        <ResourcePackage>
          <ResourceKey>MailQueue.ErrorResult.DisplayName</ResourceKey>
          <Items>
            <ResourcePackageItem>
              <IsString>true</IsString>
              <CultureName />
              <SerializedResourceData>ErrorResult</SerializedResourceData>
            </ResourcePackageItem>
          </Items>
        </ResourcePackage>
        <ResourcePackage>
          <ResourceKey>MailQueue.RecordForContactId.DisplayName</ResourceKey>
          <Items>
            <ResourcePackageItem>
              <IsString>true</IsString>
              <CultureName />
              <SerializedResourceData>RecordForContactId</SerializedResourceData>
            </ResourcePackageItem>
          </Items>
        </ResourcePackage>
        <ResourcePackage>
          <ResourceKey>MailQueue.UserData.DisplayName</ResourceKey>
          <Items>
            <ResourcePackageItem>
              <IsString>true</IsString>
              <CultureName />
              <SerializedResourceData>UserData</SerializedResourceData>
            </ResourcePackageItem>
          </Items>
        </ResourcePackage>
        <ResourcePackage>
          <ResourceKey>MailQueue.AttachmentPath.DisplayName</ResourceKey>
          <Items>
            <ResourcePackageItem>
              <IsString>true</IsString>
              <CultureName />
              <SerializedResourceData>AttachmentPath</SerializedResourceData>
            </ResourcePackageItem>
          </Items>
        </ResourcePackage>
      </ArrayOfResourcePackage>
      <ArrayOfString xmlns:xsi="http://www.w3.org/2001/XMLSchema-instance" xmlns:xsd="http://www.w3.org/2001/XMLSchema" />
    </bundleItemData>
    <bundleItemData itemId="f7a9bf5c-58f6-45bc-a8ea-939b38cceae2" dataTypeName="Sage.Platform.Orm.Entities.BundleSupport.PropertyBundleItem+PropertyData, Sage.Platform">
      <PropertyData xmlns:xsi="http://www.w3.org/2001/XMLSchema-instance" xmlns:xsd="http://www.w3.org/2001/XMLSchema">
        <Resources>
          <ResourcePackage>
            <ResourceKey>MailQueue.MailQueueId.DisplayName</ResourceKey>
            <Items>
              <ResourcePackageItem>
                <IsString>true</IsString>
                <CultureName />
                <SerializedResourceData>Id</SerializedResourceData>
              </ResourcePackageItem>
            </Items>
          </ResourcePackage>
        </Resources>
        <Property xsi:type="OrmFieldProperty" id="f7a9bf5c-58f6-45bc-a8ea-939b38cceae2" lastModifiedUtc="2018-01-29T17:52:13.0983079Z" name="MailQueueId" audited="false" isNullable="false" columnName="MAILQUEUEID" maxLength="12" precision="0" scale="0" ordinal="0" isReadOnly="false">
          <ExtendedPropertiesCollection>
            <extendee type="Sage.Platform.Orm.Entities.OrmFieldProperty">
              <extender guid="ae60621d-9d91-3d9a-b9fb-eb6c8be12131">
                <OrmEntityPropertySDataExtension generate="true" />
              </extender>
              <extender guid="ac7a8695-7689-4c4b-819d-6c3ab7c2e15f">
                <OrmEntityPropertyImportExtension />
              </extender>
              <extender guid="cbb948ad-9154-4174-847a-690a81c1c2e4">
                <OrmEntityPropertyBulkActionExtension />
              </extender>
            </extendee>
          </ExtendedPropertiesCollection>
          <SystemDataType guid="30053f5a-8d40-4db1-b185-1e4128eb26cc">
            <StandardIdDataType />
          </SystemDataType>
        </Property>
      </PropertyData>
      <ArrayOfString xmlns:xsi="http://www.w3.org/2001/XMLSchema-instance" xmlns:xsd="http://www.w3.org/2001/XMLSchema" />
    </bundleItemData>
    <bundleItemData itemId="44e56dc3-9b94-4665-9fab-3f877913d935" dataTypeName="Sage.Platform.Orm.Entities.BundleSupport.PropertyBundleItem+PropertyData, Sage.Platform">
      <PropertyData xmlns:xsi="http://www.w3.org/2001/XMLSchema-instance" xmlns:xsd="http://www.w3.org/2001/XMLSchema">
        <Resources>
          <ResourcePackage>
            <ResourceKey>MailQueue.CreateUser.DisplayName</ResourceKey>
            <Items>
              <ResourcePackageItem>
                <IsString>true</IsString>
                <CultureName />
                <SerializedResourceData>Create User</SerializedResourceData>
              </ResourcePackageItem>
            </Items>
          </ResourcePackage>
        </Resources>
        <Property xsi:type="OrmFieldProperty" id="44e56dc3-9b94-4665-9fab-3f877913d935" lastModifiedUtc="2018-01-29T17:52:13.1003085Z" name="CreateUser" audited="false" columnName="CREATEUSER" maxLength="12" precision="0" scale="0" ordinal="1" isReadOnly="false">
          <ExtendedPropertiesCollection>
            <extendee type="Sage.Platform.Orm.Entities.OrmFieldProperty">
              <extender guid="ae60621d-9d91-3d9a-b9fb-eb6c8be12131">
                <OrmEntityPropertySDataExtension generate="true" />
              </extender>
              <extender guid="ac7a8695-7689-4c4b-819d-6c3ab7c2e15f">
                <OrmEntityPropertyImportExtension />
              </extender>
              <extender guid="cbb948ad-9154-4174-847a-690a81c1c2e4">
                <OrmEntityPropertyBulkActionExtension />
              </extender>
            </extendee>
          </ExtendedPropertiesCollection>
          <SystemDataType guid="30053f5a-8d40-4db1-b185-1e4128eb26cc">
            <StandardIdDataType />
          </SystemDataType>
        </Property>
      </PropertyData>
      <ArrayOfString xmlns:xsi="http://www.w3.org/2001/XMLSchema-instance" xmlns:xsd="http://www.w3.org/2001/XMLSchema" />
    </bundleItemData>
    <bundleItemData itemId="2888cf97-4007-4c5b-8166-540d1829a029" dataTypeName="Sage.Platform.Orm.Entities.BundleSupport.PropertyBundleItem+PropertyData, Sage.Platform">
      <PropertyData xmlns:xsi="http://www.w3.org/2001/XMLSchema-instance" xmlns:xsd="http://www.w3.org/2001/XMLSchema">
        <Resources>
          <ResourcePackage>
            <ResourceKey>MailQueue.CreateDate.DisplayName</ResourceKey>
            <Items>
              <ResourcePackageItem>
                <IsString>true</IsString>
                <CultureName />
                <SerializedResourceData>Create Date</SerializedResourceData>
              </ResourcePackageItem>
            </Items>
          </ResourcePackage>
        </Resources>
        <Property xsi:type="OrmFieldProperty" id="2888cf97-4007-4c5b-8166-540d1829a029" lastModifiedUtc="2018-01-29T17:52:13.1013089Z" name="CreateDate" audited="false" columnName="CREATEDATE" maxLength="0" precision="0" scale="0" ordinal="2" isReadOnly="false">
          <ExtendedPropertiesCollection>
            <extendee type="Sage.Platform.Orm.Entities.OrmFieldProperty">
              <extender guid="ae60621d-9d91-3d9a-b9fb-eb6c8be12131">
                <OrmEntityPropertySDataExtension generate="true" />
              </extender>
              <extender guid="ac7a8695-7689-4c4b-819d-6c3ab7c2e15f">
                <OrmEntityPropertyImportExtension />
              </extender>
              <extender guid="cbb948ad-9154-4174-847a-690a81c1c2e4">
                <OrmEntityPropertyBulkActionExtension />
              </extender>
            </extendee>
          </ExtendedPropertiesCollection>
          <SystemDataType guid="1f08f2eb-87c8-443b-a7c2-a51f590923f5">
            <DateTimeDataType />
          </SystemDataType>
        </Property>
      </PropertyData>
      <ArrayOfString xmlns:xsi="http://www.w3.org/2001/XMLSchema-instance" xmlns:xsd="http://www.w3.org/2001/XMLSchema" />
    </bundleItemData>
    <bundleItemData itemId="ba180a07-fd0e-4df5-a49d-8efc028e90ef" dataTypeName="Sage.Platform.Orm.Entities.BundleSupport.PropertyBundleItem+PropertyData, Sage.Platform">
      <PropertyData xmlns:xsi="http://www.w3.org/2001/XMLSchema-instance" xmlns:xsd="http://www.w3.org/2001/XMLSchema">
        <Resources>
          <ResourcePackage>
            <ResourceKey>MailQueue.ModifyUser.DisplayName</ResourceKey>
            <Items>
              <ResourcePackageItem>
                <IsString>true</IsString>
                <CultureName />
                <SerializedResourceData>Modify User</SerializedResourceData>
              </ResourcePackageItem>
            </Items>
          </ResourcePackage>
        </Resources>
        <Property xsi:type="OrmFieldProperty" id="ba180a07-fd0e-4df5-a49d-8efc028e90ef" lastModifiedUtc="2018-01-29T17:52:13.1033088Z" name="ModifyUser" audited="false" columnName="MODIFYUSER" maxLength="12" precision="0" scale="0" ordinal="3" isReadOnly="false">
          <ExtendedPropertiesCollection>
            <extendee type="Sage.Platform.Orm.Entities.OrmFieldProperty">
              <extender guid="ae60621d-9d91-3d9a-b9fb-eb6c8be12131">
                <OrmEntityPropertySDataExtension generate="true" />
              </extender>
              <extender guid="ac7a8695-7689-4c4b-819d-6c3ab7c2e15f">
                <OrmEntityPropertyImportExtension />
              </extender>
              <extender guid="cbb948ad-9154-4174-847a-690a81c1c2e4">
                <OrmEntityPropertyBulkActionExtension />
              </extender>
            </extendee>
          </ExtendedPropertiesCollection>
          <SystemDataType guid="30053f5a-8d40-4db1-b185-1e4128eb26cc">
            <StandardIdDataType />
          </SystemDataType>
        </Property>
      </PropertyData>
      <ArrayOfString xmlns:xsi="http://www.w3.org/2001/XMLSchema-instance" xmlns:xsd="http://www.w3.org/2001/XMLSchema" />
    </bundleItemData>
    <bundleItemData itemId="703fb4e1-78b7-483f-a2d5-570ebe02a7bb" dataTypeName="Sage.Platform.Orm.Entities.BundleSupport.PropertyBundleItem+PropertyData, Sage.Platform">
      <PropertyData xmlns:xsi="http://www.w3.org/2001/XMLSchema-instance" xmlns:xsd="http://www.w3.org/2001/XMLSchema">
        <Resources>
          <ResourcePackage>
            <ResourceKey>MailQueue.ModifyDate.DisplayName</ResourceKey>
            <Items>
              <ResourcePackageItem>
                <IsString>true</IsString>
                <CultureName />
                <SerializedResourceData>Modify Date</SerializedResourceData>
              </ResourcePackageItem>
            </Items>
          </ResourcePackage>
        </Resources>
        <Property xsi:type="OrmFieldProperty" id="703fb4e1-78b7-483f-a2d5-570ebe02a7bb" lastModifiedUtc="2018-01-29T17:52:13.1043091Z" name="ModifyDate" audited="false" columnName="MODIFYDATE" maxLength="0" precision="0" scale="0" ordinal="4" isReadOnly="false">
          <ExtendedPropertiesCollection>
            <extendee type="Sage.Platform.Orm.Entities.OrmFieldProperty">
              <extender guid="ae60621d-9d91-3d9a-b9fb-eb6c8be12131">
                <OrmEntityPropertySDataExtension generate="true" />
              </extender>
              <extender guid="ac7a8695-7689-4c4b-819d-6c3ab7c2e15f">
                <OrmEntityPropertyImportExtension />
              </extender>
              <extender guid="cbb948ad-9154-4174-847a-690a81c1c2e4">
                <OrmEntityPropertyBulkActionExtension />
              </extender>
            </extendee>
          </ExtendedPropertiesCollection>
          <SystemDataType guid="1f08f2eb-87c8-443b-a7c2-a51f590923f5">
            <DateTimeDataType />
          </SystemDataType>
        </Property>
      </PropertyData>
      <ArrayOfString xmlns:xsi="http://www.w3.org/2001/XMLSchema-instance" xmlns:xsd="http://www.w3.org/2001/XMLSchema" />
    </bundleItemData>
    <bundleItemData itemId="c88cb365-b118-49a7-926d-a801aefc8bb1" dataTypeName="Sage.Platform.Orm.Entities.BundleSupport.PropertyBundleItem+PropertyData, Sage.Platform">
      <PropertyData xmlns:xsi="http://www.w3.org/2001/XMLSchema-instance" xmlns:xsd="http://www.w3.org/2001/XMLSchema">
        <Resources>
          <ResourcePackage>
            <ResourceKey>MailQueue.ToAddress.DisplayName</ResourceKey>
            <Items>
              <ResourcePackageItem>
                <IsString>true</IsString>
                <CultureName />
                <SerializedResourceData>ToAddress</SerializedResourceData>
              </ResourcePackageItem>
            </Items>
          </ResourcePackage>
        </Resources>
        <Property xsi:type="OrmFieldProperty" id="c88cb365-b118-49a7-926d-a801aefc8bb1" lastModifiedUtc="2018-01-29T17:52:13.1063095Z" name="ToAddress" audited="false" columnName="TOADDRESS" maxLength="2000" precision="0" scale="0" ordinal="5" isReadOnly="false">
          <ExtendedPropertiesCollection>
            <extendee type="Sage.Platform.Orm.Entities.OrmFieldProperty">
              <extender guid="ae60621d-9d91-3d9a-b9fb-eb6c8be12131">
                <OrmEntityPropertySDataExtension generate="true" />
              </extender>
              <extender guid="ac7a8695-7689-4c4b-819d-6c3ab7c2e15f">
                <OrmEntityPropertyImportExtension />
              </extender>
              <extender guid="cbb948ad-9154-4174-847a-690a81c1c2e4">
                <OrmEntityPropertyBulkActionExtension />
              </extender>
            </extendee>
          </ExtendedPropertiesCollection>
          <SystemDataType guid="ccc0f01d-7ba5-408e-8526-a3f942354b3a">
            <TextDataType>
              <Length>2000</Length>
            </TextDataType>
          </SystemDataType>
        </Property>
      </PropertyData>
      <ArrayOfString xmlns:xsi="http://www.w3.org/2001/XMLSchema-instance" xmlns:xsd="http://www.w3.org/2001/XMLSchema" />
    </bundleItemData>
    <bundleItemData itemId="6021e24d-2055-4063-812f-b7db1443c790" dataTypeName="Sage.Platform.Orm.Entities.BundleSupport.PropertyBundleItem+PropertyData, Sage.Platform">
      <PropertyData xmlns:xsi="http://www.w3.org/2001/XMLSchema-instance" xmlns:xsd="http://www.w3.org/2001/XMLSchema">
        <Resources>
          <ResourcePackage>
            <ResourceKey>MailQueue.FromAddress.DisplayName</ResourceKey>
            <Items>
              <ResourcePackageItem>
                <IsString>true</IsString>
                <CultureName />
                <SerializedResourceData>FromAddress</SerializedResourceData>
              </ResourcePackageItem>
            </Items>
          </ResourcePackage>
        </Resources>
        <Property xsi:type="OrmFieldProperty" id="6021e24d-2055-4063-812f-b7db1443c790" lastModifiedUtc="2018-01-29T17:52:13.1083087Z" name="FromAddress" audited="false" columnName="FROMADDRESS" maxLength="200" precision="0" scale="0" ordinal="6" isReadOnly="false">
          <ExtendedPropertiesCollection>
            <extendee type="Sage.Platform.Orm.Entities.OrmFieldProperty">
              <extender guid="ae60621d-9d91-3d9a-b9fb-eb6c8be12131">
                <OrmEntityPropertySDataExtension generate="true" />
              </extender>
              <extender guid="ac7a8695-7689-4c4b-819d-6c3ab7c2e15f">
                <OrmEntityPropertyImportExtension />
              </extender>
              <extender guid="cbb948ad-9154-4174-847a-690a81c1c2e4">
                <OrmEntityPropertyBulkActionExtension />
              </extender>
            </extendee>
          </ExtendedPropertiesCollection>
          <SystemDataType guid="ccc0f01d-7ba5-408e-8526-a3f942354b3a">
            <TextDataType>
              <Length>200</Length>
            </TextDataType>
          </SystemDataType>
        </Property>
      </PropertyData>
      <ArrayOfString xmlns:xsi="http://www.w3.org/2001/XMLSchema-instance" xmlns:xsd="http://www.w3.org/2001/XMLSchema" />
    </bundleItemData>
    <bundleItemData itemId="f405807f-0912-4b3c-8643-eb6cd16b1b03" dataTypeName="Sage.Platform.Orm.Entities.BundleSupport.PropertyBundleItem+PropertyData, Sage.Platform">
      <PropertyData xmlns:xsi="http://www.w3.org/2001/XMLSchema-instance" xmlns:xsd="http://www.w3.org/2001/XMLSchema">
        <Resources>
          <ResourcePackage>
            <ResourceKey>MailQueue.Subject.DisplayName</ResourceKey>
            <Items>
              <ResourcePackageItem>
                <IsString>true</IsString>
                <CultureName />
                <SerializedResourceData>Subject</SerializedResourceData>
              </ResourcePackageItem>
            </Items>
          </ResourcePackage>
        </Resources>
        <Property xsi:type="OrmFieldProperty" id="f405807f-0912-4b3c-8643-eb6cd16b1b03" lastModifiedUtc="2018-01-29T17:52:13.1102846Z" name="Subject" audited="false" columnName="SUBJECT" maxLength="4000" precision="0" scale="0" ordinal="7" isReadOnly="false">
          <ExtendedPropertiesCollection>
            <extendee type="Sage.Platform.Orm.Entities.OrmFieldProperty">
              <extender guid="ae60621d-9d91-3d9a-b9fb-eb6c8be12131">
                <OrmEntityPropertySDataExtension generate="true" />
              </extender>
              <extender guid="ac7a8695-7689-4c4b-819d-6c3ab7c2e15f">
                <OrmEntityPropertyImportExtension />
              </extender>
              <extender guid="cbb948ad-9154-4174-847a-690a81c1c2e4">
                <OrmEntityPropertyBulkActionExtension />
              </extender>
            </extendee>
          </ExtendedPropertiesCollection>
          <SystemDataType guid="ccc0f01d-7ba5-408e-8526-a3f942354b3a">
            <TextDataType>
              <Length>4000</Length>
            </TextDataType>
          </SystemDataType>
        </Property>
      </PropertyData>
      <ArrayOfString xmlns:xsi="http://www.w3.org/2001/XMLSchema-instance" xmlns:xsd="http://www.w3.org/2001/XMLSchema" />
    </bundleItemData>
    <bundleItemData itemId="0584ce5f-a2b0-4b65-a747-5c51e4c51dc9" dataTypeName="Sage.Platform.Orm.Entities.BundleSupport.PropertyBundleItem+PropertyData, Sage.Platform">
      <PropertyData xmlns:xsi="http://www.w3.org/2001/XMLSchema-instance" xmlns:xsd="http://www.w3.org/2001/XMLSchema">
        <Resources>
          <ResourcePackage>
            <ResourceKey>MailQueue.Body.DisplayName</ResourceKey>
            <Items>
              <ResourcePackageItem>
                <IsString>true</IsString>
                <CultureName />
                <SerializedResourceData>Body</SerializedResourceData>
              </ResourcePackageItem>
            </Items>
          </ResourcePackage>
        </Resources>
        <Property xsi:type="OrmFieldProperty" id="0584ce5f-a2b0-4b65-a747-5c51e4c51dc9" lastModifiedUtc="2018-01-29T17:52:13.1113063Z" name="Body" audited="false" columnName="BODY" maxLength="2147483647" precision="0" scale="0" ordinal="8" isReadOnly="false">
          <ExtendedPropertiesCollection>
            <extendee type="Sage.Platform.Orm.Entities.OrmFieldProperty">
              <extender guid="ae60621d-9d91-3d9a-b9fb-eb6c8be12131">
                <OrmEntityPropertySDataExtension generate="true" />
              </extender>
              <extender guid="ac7a8695-7689-4c4b-819d-6c3ab7c2e15f">
                <OrmEntityPropertyImportExtension />
              </extender>
              <extender guid="cbb948ad-9154-4174-847a-690a81c1c2e4">
                <OrmEntityPropertyBulkActionExtension />
              </extender>
            </extendee>
          </ExtendedPropertiesCollection>
          <SystemDataType guid="f4ca6023-9f5f-4e41-8571-50ba94e8f233">
            <LongTextDataType>
              <Length>2147483647</Length>
            </LongTextDataType>
          </SystemDataType>
        </Property>
      </PropertyData>
      <ArrayOfString xmlns:xsi="http://www.w3.org/2001/XMLSchema-instance" xmlns:xsd="http://www.w3.org/2001/XMLSchema" />
    </bundleItemData>
    <bundleItemData itemId="e9f442f3-9992-4ddc-b8ed-f64b3bb59ce3" dataTypeName="Sage.Platform.Orm.Entities.BundleSupport.PropertyBundleItem+PropertyData, Sage.Platform">
      <PropertyData xmlns:xsi="http://www.w3.org/2001/XMLSchema-instance" xmlns:xsd="http://www.w3.org/2001/XMLSchema">
        <Resources>
          <ResourcePackage>
            <ResourceKey>MailQueue.IsHtml.DisplayName</ResourceKey>
            <Items>
              <ResourcePackageItem>
                <IsString>true</IsString>
                <CultureName />
                <SerializedResourceData>IsHtml</SerializedResourceData>
              </ResourcePackageItem>
            </Items>
          </ResourcePackage>
        </Resources>
        <Property xsi:type="OrmFieldProperty" id="e9f442f3-9992-4ddc-b8ed-f64b3bb59ce3" lastModifiedUtc="2018-01-29T17:52:13.1133056Z" name="IsHtml" audited="false" columnName="ISHTML" maxLength="1" precision="0" scale="0" ordinal="9" isReadOnly="false">
          <ExtendedPropertiesCollection>
            <extendee type="Sage.Platform.Orm.Entities.OrmFieldProperty">
              <extender guid="ae60621d-9d91-3d9a-b9fb-eb6c8be12131">
                <OrmEntityPropertySDataExtension generate="true" />
              </extender>
              <extender guid="ac7a8695-7689-4c4b-819d-6c3ab7c2e15f">
                <OrmEntityPropertyImportExtension />
              </extender>
              <extender guid="cbb948ad-9154-4174-847a-690a81c1c2e4">
                <OrmEntityPropertyBulkActionExtension />
              </extender>
            </extendee>
          </ExtendedPropertiesCollection>
          <SystemDataType guid="92432b4d-8206-4a96-ba7b-e4cbd374f148">
            <TrueFalseDataType />
          </SystemDataType>
        </Property>
      </PropertyData>
      <ArrayOfString xmlns:xsi="http://www.w3.org/2001/XMLSchema-instance" xmlns:xsd="http://www.w3.org/2001/XMLSchema" />
    </bundleItemData>
    <bundleItemData itemId="636b1d6b-8a74-4acf-90cc-4f15567c3b82" dataTypeName="Sage.Platform.Orm.Entities.BundleSupport.PropertyBundleItem+PropertyData, Sage.Platform">
      <PropertyData xmlns:xsi="http://www.w3.org/2001/XMLSchema-instance" xmlns:xsd="http://www.w3.org/2001/XMLSchema">
        <Resources>
          <ResourcePackage>
            <ResourceKey>MailQueue.ErrorResult.DisplayName</ResourceKey>
            <Items>
              <ResourcePackageItem>
                <IsString>true</IsString>
                <CultureName />
                <SerializedResourceData>ErrorResult</SerializedResourceData>
              </ResourcePackageItem>
            </Items>
          </ResourcePackage>
        </Resources>
        <Property xsi:type="OrmFieldProperty" id="636b1d6b-8a74-4acf-90cc-4f15567c3b82" lastModifiedUtc="2018-01-29T17:52:13.1153056Z" name="ErrorResult" audited="false" columnName="ERRORRESULT" maxLength="4000" precision="0" scale="0" ordinal="10" isReadOnly="false">
          <ExtendedPropertiesCollection>
            <extendee type="Sage.Platform.Orm.Entities.OrmFieldProperty">
              <extender guid="ae60621d-9d91-3d9a-b9fb-eb6c8be12131">
                <OrmEntityPropertySDataExtension generate="true" />
              </extender>
              <extender guid="ac7a8695-7689-4c4b-819d-6c3ab7c2e15f">
                <OrmEntityPropertyImportExtension />
              </extender>
              <extender guid="cbb948ad-9154-4174-847a-690a81c1c2e4">
                <OrmEntityPropertyBulkActionExtension />
              </extender>
            </extendee>
          </ExtendedPropertiesCollection>
          <SystemDataType guid="ccc0f01d-7ba5-408e-8526-a3f942354b3a">
            <TextDataType>
              <Length>4000</Length>
            </TextDataType>
          </SystemDataType>
        </Property>
      </PropertyData>
      <ArrayOfString xmlns:xsi="http://www.w3.org/2001/XMLSchema-instance" xmlns:xsd="http://www.w3.org/2001/XMLSchema" />
    </bundleItemData>
    <bundleItemData itemId="6f24d08c-fba9-416e-a4d8-cedc97bff8b7" dataTypeName="Sage.Platform.Orm.Entities.BundleSupport.PropertyBundleItem+PropertyData, Sage.Platform">
      <PropertyData xmlns:xsi="http://www.w3.org/2001/XMLSchema-instance" xmlns:xsd="http://www.w3.org/2001/XMLSchema">
        <Resources>
          <ResourcePackage>
            <ResourceKey>MailQueue.RecordForContactId.DisplayName</ResourceKey>
            <Items>
              <ResourcePackageItem>
                <IsString>true</IsString>
                <CultureName />
                <SerializedResourceData>RecordForContactId</SerializedResourceData>
              </ResourcePackageItem>
            </Items>
          </ResourcePackage>
        </Resources>
        <Property xsi:type="OrmFieldProperty" id="6f24d08c-fba9-416e-a4d8-cedc97bff8b7" lastModifiedUtc="2018-01-29T17:52:13.1163057Z" name="RecordForContactId" audited="false" columnName="RECORDFORCONTACTID" maxLength="12" precision="0" scale="0" ordinal="11" isReadOnly="false">
          <ExtendedPropertiesCollection>
            <extendee type="Sage.Platform.Orm.Entities.OrmFieldProperty">
              <extender guid="ae60621d-9d91-3d9a-b9fb-eb6c8be12131">
                <OrmEntityPropertySDataExtension generate="true" />
              </extender>
              <extender guid="ac7a8695-7689-4c4b-819d-6c3ab7c2e15f">
                <OrmEntityPropertyImportExtension />
              </extender>
              <extender guid="cbb948ad-9154-4174-847a-690a81c1c2e4">
                <OrmEntityPropertyBulkActionExtension />
              </extender>
            </extendee>
          </ExtendedPropertiesCollection>
          <SystemDataType guid="30053f5a-8d40-4db1-b185-1e4128eb26cc">
            <StandardIdDataType />
          </SystemDataType>
        </Property>
      </PropertyData>
      <ArrayOfString xmlns:xsi="http://www.w3.org/2001/XMLSchema-instance" xmlns:xsd="http://www.w3.org/2001/XMLSchema" />
    </bundleItemData>
    <bundleItemData itemId="655a61fd-28ca-46fb-abd2-aa2c63750380" dataTypeName="Sage.Platform.Orm.Entities.BundleSupport.PropertyBundleItem+PropertyData, Sage.Platform">
      <PropertyData xmlns:xsi="http://www.w3.org/2001/XMLSchema-instance" xmlns:xsd="http://www.w3.org/2001/XMLSchema">
        <Resources>
          <ResourcePackage>
            <ResourceKey>MailQueue.UserData.DisplayName</ResourceKey>
            <Items>
              <ResourcePackageItem>
                <IsString>true</IsString>
                <CultureName />
                <SerializedResourceData>UserData</SerializedResourceData>
              </ResourcePackageItem>
            </Items>
          </ResourcePackage>
        </Resources>
        <Property xsi:type="OrmFieldProperty" id="655a61fd-28ca-46fb-abd2-aa2c63750380" lastModifiedUtc="2018-01-29T17:52:13.1183057Z" name="UserData" audited="false" columnName="USERDATA" maxLength="1000" precision="0" scale="0" ordinal="12" isReadOnly="false">
          <ExtendedPropertiesCollection>
            <extendee type="Sage.Platform.Orm.Entities.OrmFieldProperty">
              <extender guid="ae60621d-9d91-3d9a-b9fb-eb6c8be12131">
                <OrmEntityPropertySDataExtension generate="true" />
              </extender>
              <extender guid="ac7a8695-7689-4c4b-819d-6c3ab7c2e15f">
                <OrmEntityPropertyImportExtension />
              </extender>
              <extender guid="cbb948ad-9154-4174-847a-690a81c1c2e4">
                <OrmEntityPropertyBulkActionExtension />
              </extender>
            </extendee>
          </ExtendedPropertiesCollection>
          <SystemDataType guid="ccc0f01d-7ba5-408e-8526-a3f942354b3a">
            <TextDataType>
              <Length>1000</Length>
            </TextDataType>
          </SystemDataType>
        </Property>
      </PropertyData>
      <ArrayOfString xmlns:xsi="http://www.w3.org/2001/XMLSchema-instance" xmlns:xsd="http://www.w3.org/2001/XMLSchema" />
    </bundleItemData>
    <bundleItemData itemId="7f47548b-c1f5-461e-b6ea-b10835de5a2b" dataTypeName="Sage.Platform.Orm.Entities.BundleSupport.PropertyBundleItem+PropertyData, Sage.Platform">
      <PropertyData xmlns:xsi="http://www.w3.org/2001/XMLSchema-instance" xmlns:xsd="http://www.w3.org/2001/XMLSchema">
        <Resources>
          <ResourcePackage>
            <ResourceKey>MailQueue.AttachmentPath.DisplayName</ResourceKey>
            <Items>
              <ResourcePackageItem>
                <IsString>true</IsString>
                <CultureName />
                <SerializedResourceData>AttachmentPath</SerializedResourceData>
              </ResourcePackageItem>
            </Items>
          </ResourcePackage>
        </Resources>
        <Property xsi:type="OrmFieldProperty" id="7f47548b-c1f5-461e-b6ea-b10835de5a2b" lastModifiedUtc="2018-01-29T18:18:37.4087271Z" name="AttachmentPath" audited="false" columnName="ATTACHMENTPATH" maxLength="2000" precision="0" scale="0" ordinal="13" isReadOnly="false">
          <ExtendedPropertiesCollection>
            <extendee type="Sage.Platform.Orm.Entities.OrmFieldProperty">
              <extender guid="ae60621d-9d91-3d9a-b9fb-eb6c8be12131">
                <OrmEntityPropertySDataExtension generate="true" />
              </extender>
              <extender guid="ac7a8695-7689-4c4b-819d-6c3ab7c2e15f">
                <OrmEntityPropertyImportExtension />
              </extender>
              <extender guid="cbb948ad-9154-4174-847a-690a81c1c2e4">
                <OrmEntityPropertyBulkActionExtension />
              </extender>
            </extendee>
          </ExtendedPropertiesCollection>
          <SystemDataType guid="ccc0f01d-7ba5-408e-8526-a3f942354b3a">
            <TextDataType>
              <Length>2000</Length>
            </TextDataType>
          </SystemDataType>
        </Property>
      </PropertyData>
      <ArrayOfString xmlns:xsi="http://www.w3.org/2001/XMLSchema-instance" xmlns:xsd="http://www.w3.org/2001/XMLSchema" />
    </bundleItemData>
    <bundleItemData itemId="bad72388-9922-484c-9a2f-559748615d41" dataTypeName="Sage.Platform.Orm.Entities.BundleSupport.BusinessRuleStepBundleItem+StepData, Sage.Platform">
      <StepData xmlns:xsi="http://www.w3.org/2001/XMLSchema-instance" xmlns:xsd="http://www.w3.org/2001/XMLSchema">
        <Step id="bad72388-9922-484c-9a2f-559748615d41" lastModifiedUtc="2018-02-01T20:11:45.4841014Z" targetType="FX.MailQueue.Rules, FX.MailQueue" targetMethod="MailQueueProcessedStep" active="true">
          <ExtendedPropertiesCollection>
            <extendee type="Sage.Platform.Orm.Entities.OrmMethodTarget" />
          </ExtendedPropertiesCollection>
        </Step>
        <StepType>Primary</StepType>
      </StepData>
      <ArrayOfString xmlns:xsi="http://www.w3.org/2001/XMLSchema-instance" xmlns:xsd="http://www.w3.org/2001/XMLSchema" />
    </bundleItemData>
    <bundleItemData itemId="481587d2-34b6-4725-93b5-ff3bf32f0aab" dataTypeName="Sage.Platform.Orm.Entities.BundleSupport.BusinessRuleStepBundleItem+StepData, Sage.Platform">
      <StepData xmlns:xsi="http://www.w3.org/2001/XMLSchema-instance" xmlns:xsd="http://www.w3.org/2001/XMLSchema">
        <Step id="481587d2-34b6-4725-93b5-ff3bf32f0aab" lastModifiedUtc="2018-02-01T20:13:13.1109199Z" targetType="FX.MailQueue.Rules, FX.MailQueue" targetMethod="OnCreate" active="true">
          <ExtendedPropertiesCollection>
            <extendee type="Sage.Platform.Orm.Entities.OrmMethodTarget" />
          </ExtendedPropertiesCollection>
        </Step>
        <StepType>Primary</StepType>
      </StepData>
      <ArrayOfString xmlns:xsi="http://www.w3.org/2001/XMLSchema-instance" xmlns:xsd="http://www.w3.org/2001/XMLSchema" />
    </bundleItemData>
    <bundleItemData itemId="485f0498-3e0c-45be-8643-9d27d84eb0f5" dataTypeName="Sage.Platform.Projects.Localization.ResourcePackageCollection, Sage.Platform.Projects">
      <ArrayOfResourcePackage xmlns:xsi="http://www.w3.org/2001/XMLSchema-instance" xmlns:xsd="http://www.w3.org/2001/XMLSchema" />
      <ArrayOfString xmlns:xsi="http://www.w3.org/2001/XMLSchema-instance" xmlns:xsd="http://www.w3.org/2001/XMLSchema" />
    </bundleItemData>
    <bundleItemData itemId="d269feaa-72a8-4d56-8e81-12067525d449" dataTypeName="Sage.Platform.Projects.Localization.ResourcePackageCollection, Sage.Platform.Projects">
      <ArrayOfResourcePackage xmlns:xsi="http://www.w3.org/2001/XMLSchema-instance" xmlns:xsd="http://www.w3.org/2001/XMLSchema" />
      <ArrayOfString xmlns:xsi="http://www.w3.org/2001/XMLSchema-instance" xmlns:xsd="http://www.w3.org/2001/XMLSchema" />
    </bundleItemData>
    <bundleItemData itemId="f2a1b010-b6c8-4c3d-84dc-c35212d0a4e0" dataTypeName="Sage.Platform.Projects.Localization.ResourcePackageCollection, Sage.Platform.Projects">
      <ArrayOfResourcePackage xmlns:xsi="http://www.w3.org/2001/XMLSchema-instance" xmlns:xsd="http://www.w3.org/2001/XMLSchema" />
      <ArrayOfString xmlns:xsi="http://www.w3.org/2001/XMLSchema-instance" xmlns:xsd="http://www.w3.org/2001/XMLSchema" />
    </bundleItemData>
    <bundleItemData itemId="73c2d444-e18c-43b0-9543-4022b8632e3a" dataTypeName="Sage.Platform.Projects.Localization.ResourcePackageCollection, Sage.Platform.Projects">
      <ArrayOfResourcePackage xmlns:xsi="http://www.w3.org/2001/XMLSchema-instance" xmlns:xsd="http://www.w3.org/2001/XMLSchema" />
      <ArrayOfString xmlns:xsi="http://www.w3.org/2001/XMLSchema-instance" xmlns:xsd="http://www.w3.org/2001/XMLSchema" />
    </bundleItemData>
    <bundleItemData itemId="7ace1348-f933-4cc7-a768-4bb4aef766b4" dataTypeName="Sage.Platform.Projects.Localization.ResourcePackageCollection, Sage.Platform.Projects">
      <ArrayOfResourcePackage xmlns:xsi="http://www.w3.org/2001/XMLSchema-instance" xmlns:xsd="http://www.w3.org/2001/XMLSchema" />
      <ArrayOfString xmlns:xsi="http://www.w3.org/2001/XMLSchema-instance" xmlns:xsd="http://www.w3.org/2001/XMLSchema" />
    </bundleItemData>
    <bundleItemData itemId="861ac5fe-b571-4015-a55d-bf63e400e1e7" dataTypeName="Sage.Platform.Projects.Localization.ResourcePackageCollection, Sage.Platform.Projects">
      <ArrayOfResourcePackage xmlns:xsi="http://www.w3.org/2001/XMLSchema-instance" xmlns:xsd="http://www.w3.org/2001/XMLSchema" />
      <ArrayOfString xmlns:xsi="http://www.w3.org/2001/XMLSchema-instance" xmlns:xsd="http://www.w3.org/2001/XMLSchema" />
    </bundleItemData>
    <bundleItemData itemId="826ae928-70e1-4df3-b337-c8c0702d7248" dataTypeName="Sage.Platform.Projects.Localization.ResourcePackageCollection, Sage.Platform.Projects">
      <ArrayOfResourcePackage xmlns:xsi="http://www.w3.org/2001/XMLSchema-instance" xmlns:xsd="http://www.w3.org/2001/XMLSchema" />
      <ArrayOfString xmlns:xsi="http://www.w3.org/2001/XMLSchema-instance" xmlns:xsd="http://www.w3.org/2001/XMLSchema" />
    </bundleItemData>
  </bundleItemsData>
  <bundleActionsData />
  <deletedItemData />
</BundleData>