<?xml version="1.0"?>
<BundleManifest id="f886a7da-098a-4682-9c11-c1f5b3bbf14f">
  <bundleProperties>
    <name>Customer FX Mail Queue Job</name>
    <description><![CDATA[A mail queue job for sending emails. To queue an email to be sent, simply add a record to the MailQueue table.]]></description>
    <address><![CDATA[2324 University Avenue West
Suite 204
St. Paul, MN 55114
http://customerfx.com]]></address>
    <company>Custromer FX Corporation</company>
    <copyright><![CDATA[Copyright (c) 2018 Customer FX Corporation]]></copyright>
    <majorVersion>1</majorVersion>
    <minorVersion>0</minorVersion>
    <revision>0</revision>
    <build>11</build>
    <autoIncrement>false</autoIncrement>
    <installDate>0001-01-01T00:00:00</installDate>
    <installPassword />
    <formatVersion>8.3.0.2066</formatVersion>
  </bundleProperties>
  <bundleItemHierarchy>
    <bundleItem modelId="af988c91-97c8-4527-b072-e021c9e2cb1a" itemTypeName="Sage.Platform.BundleModel.BundleManifestItem, Sage.Platform.BundleModel">
      <BundleManifestItem xmlns:xsi="http://www.w3.org/2001/XMLSchema-instance" xmlns:xsd="http://www.w3.org/2001/XMLSchema">
        <ItemId>f886a7da-098a-4682-9c11-c1f5b3bbf14f</ItemId>
        <Url>\</Url>
        <BundleItemType>Container</BundleItemType>
        <Caption>Customer FX Mail Queue Job</Caption>
      </BundleManifestItem>
      <children>
        <bundleItem modelId="a7bdd2d9-93b0-499d-9fd4-c3f7a5f94e28" itemTypeName="Sage.Platform.Orm.Entities.BundleSupport.EntityModelContext, Sage.Platform">
          <EntityModelContext xmlns:xsi="http://www.w3.org/2001/XMLSchema-instance" xmlns:xsd="http://www.w3.org/2001/XMLSchema">
            <ItemId>entitymodel</ItemId>
            <Url>\::Entity Model</Url>
            <BundleItemType>Container</BundleItemType>
            <Caption>Entity Model</Caption>
          </EntityModelContext>
          <children>
            <bundleItem modelId="a7bdd2d9-93b0-499d-9fd4-c3f7a5f94e28" itemTypeName="Sage.Platform.Orm.Entities.BundleSupport.PackagesContext, Sage.Platform">
              <PackagesContext xmlns:xsi="http://www.w3.org/2001/XMLSchema-instance" xmlns:xsd="http://www.w3.org/2001/XMLSchema">
                <ItemId>entitymodel\packages</ItemId>
                <Url>\::Entity Model::Packages</Url>
                <BundleItemType>Container</BundleItemType>
                <Caption>Packages</Caption>
              </PackagesContext>
              <children>
                <bundleItem modelId="a7bdd2d9-93b0-499d-9fd4-c3f7a5f94e28" itemTypeName="Sage.Platform.Orm.Entities.BundleSupport.PackageBundleItem, Sage.Platform">
                  <PackageBundleItem xmlns:xsi="http://www.w3.org/2001/XMLSchema-instance" xmlns:xsd="http://www.w3.org/2001/XMLSchema">
                    <ItemId>7ddc7cbe-e71d-483a-8599-6c5c483ee050</ItemId>
                    <Url>\Entity Model\Saleslogix Application Entities\SalesLogix Application Entities.T.package.xml</Url>
                    <BundleItemType>Context</BundleItemType>
                    <Caption>Saleslogix Application Entities</Caption>
                  </PackageBundleItem>
                  <children>
                    <bundleItem modelId="a7bdd2d9-93b0-499d-9fd4-c3f7a5f94e28" itemTypeName="Sage.Platform.Orm.Entities.BundleSupport.EntityBundleItem, Sage.Platform">
                      <EntityBundleItem xmlns:xsi="http://www.w3.org/2001/XMLSchema-instance" xmlns:xsd="http://www.w3.org/2001/XMLSchema">
                        <ItemId>c56dc119-70aa-40b6-ae95-c539d2150586</ItemId>
                        <Url>\Entity Model\Saleslogix Application Entities\MailQueue\MailQueue.MAILQUEUE.entity.xml</Url>
                        <BundleItemType>ModelItem</BundleItemType>
                        <Caption>MailQueue</Caption>
                      </EntityBundleItem>
                      <children>
                        <bundleItem modelId="a7bdd2d9-93b0-499d-9fd4-c3f7a5f94e28" itemTypeName="Sage.Platform.Orm.Entities.BundleSupport.EntitySubFolderContext, Sage.Platform">
                          <EntitySubFolderContext xmlns:xsi="http://www.w3.org/2001/XMLSchema-instance" xmlns:xsd="http://www.w3.org/2001/XMLSchema">
                            <ItemId>c56dc119-70aa-40b6-ae95-c539d2150586properties</ItemId>
                            <Url>\Entity Model\Saleslogix Application Entities\MailQueue\MailQueue.MAILQUEUE.entity.xml::Properties</Url>
                            <BundleItemType>Container</BundleItemType>
                            <Caption>Properties</Caption>
                            <ParentUrl>\Entity Model\Saleslogix Application Entities\MailQueue\MailQueue.MAILQUEUE.entity.xml</ParentUrl>
                            <CaptionKey>properties</CaptionKey>
                          </EntitySubFolderContext>
                          <children>
                            <bundleItem modelId="a7bdd2d9-93b0-499d-9fd4-c3f7a5f94e28" itemTypeName="Sage.Platform.Orm.Entities.BundleSupport.PropertyBundleItem, Sage.Platform">
                              <PropertyBundleItem xmlns:xsi="http://www.w3.org/2001/XMLSchema-instance" xmlns:xsd="http://www.w3.org/2001/XMLSchema">
                                <ItemId>f7a9bf5c-58f6-45bc-a8ea-939b38cceae2</ItemId>
                                <Url>\Entity Model\Saleslogix Application Entities\MailQueue\MailQueue.MAILQUEUE.entity.xml::Properties::MailQueueId</Url>
                                <BundleItemType>Other</BundleItemType>
                                <Caption>MailQueueId</Caption>
                                <SerializationOptions>RecurseChildren</SerializationOptions>
                                <InstallOptions>RecurseChildren</InstallOptions>
                              </PropertyBundleItem>
                            </bundleItem>
                            <bundleItem modelId="a7bdd2d9-93b0-499d-9fd4-c3f7a5f94e28" itemTypeName="Sage.Platform.Orm.Entities.BundleSupport.PropertyBundleItem, Sage.Platform">
                              <PropertyBundleItem xmlns:xsi="http://www.w3.org/2001/XMLSchema-instance" xmlns:xsd="http://www.w3.org/2001/XMLSchema">
                                <ItemId>44e56dc3-9b94-4665-9fab-3f877913d935</ItemId>
                                <Url>\Entity Model\Saleslogix Application Entities\MailQueue\MailQueue.MAILQUEUE.entity.xml::Properties::CreateUser</Url>
                                <BundleItemType>Other</BundleItemType>
                                <Caption>CreateUser</Caption>
                                <SerializationOptions>RecurseChildren</SerializationOptions>
                                <InstallOptions>RecurseChildren</InstallOptions>
                              </PropertyBundleItem>
                            </bundleItem>
                            <bundleItem modelId="a7bdd2d9-93b0-499d-9fd4-c3f7a5f94e28" itemTypeName="Sage.Platform.Orm.Entities.BundleSupport.PropertyBundleItem, Sage.Platform">
                              <PropertyBundleItem xmlns:xsi="http://www.w3.org/2001/XMLSchema-instance" xmlns:xsd="http://www.w3.org/2001/XMLSchema">
                                <ItemId>2888cf97-4007-4c5b-8166-540d1829a029</ItemId>
                                <Url>\Entity Model\Saleslogix Application Entities\MailQueue\MailQueue.MAILQUEUE.entity.xml::Properties::CreateDate</Url>
                                <BundleItemType>Other</BundleItemType>
                                <Caption>CreateDate</Caption>
                                <SerializationOptions>RecurseChildren</SerializationOptions>
                                <InstallOptions>RecurseChildren</InstallOptions>
                              </PropertyBundleItem>
                            </bundleItem>
                            <bundleItem modelId="a7bdd2d9-93b0-499d-9fd4-c3f7a5f94e28" itemTypeName="Sage.Platform.Orm.Entities.BundleSupport.PropertyBundleItem, Sage.Platform">
                              <PropertyBundleItem xmlns:xsi="http://www.w3.org/2001/XMLSchema-instance" xmlns:xsd="http://www.w3.org/2001/XMLSchema">
                                <ItemId>ba180a07-fd0e-4df5-a49d-8efc028e90ef</ItemId>
                                <Url>\Entity Model\Saleslogix Application Entities\MailQueue\MailQueue.MAILQUEUE.entity.xml::Properties::ModifyUser</Url>
                                <BundleItemType>Other</BundleItemType>
                                <Caption>ModifyUser</Caption>
                                <SerializationOptions>RecurseChildren</SerializationOptions>
                                <InstallOptions>RecurseChildren</InstallOptions>
                              </PropertyBundleItem>
                            </bundleItem>
                            <bundleItem modelId="a7bdd2d9-93b0-499d-9fd4-c3f7a5f94e28" itemTypeName="Sage.Platform.Orm.Entities.BundleSupport.PropertyBundleItem, Sage.Platform">
                              <PropertyBundleItem xmlns:xsi="http://www.w3.org/2001/XMLSchema-instance" xmlns:xsd="http://www.w3.org/2001/XMLSchema">
                                <ItemId>703fb4e1-78b7-483f-a2d5-570ebe02a7bb</ItemId>
                                <Url>\Entity Model\Saleslogix Application Entities\MailQueue\MailQueue.MAILQUEUE.entity.xml::Properties::ModifyDate</Url>
                                <BundleItemType>Other</BundleItemType>
                                <Caption>ModifyDate</Caption>
                                <SerializationOptions>RecurseChildren</SerializationOptions>
                                <InstallOptions>RecurseChildren</InstallOptions>
                              </PropertyBundleItem>
                            </bundleItem>
                            <bundleItem modelId="a7bdd2d9-93b0-499d-9fd4-c3f7a5f94e28" itemTypeName="Sage.Platform.Orm.Entities.BundleSupport.PropertyBundleItem, Sage.Platform">
                              <PropertyBundleItem xmlns:xsi="http://www.w3.org/2001/XMLSchema-instance" xmlns:xsd="http://www.w3.org/2001/XMLSchema">
                                <ItemId>c88cb365-b118-49a7-926d-a801aefc8bb1</ItemId>
                                <Url>\Entity Model\Saleslogix Application Entities\MailQueue\MailQueue.MAILQUEUE.entity.xml::Properties::ToAddress</Url>
                                <BundleItemType>Other</BundleItemType>
                                <Caption>ToAddress</Caption>
                                <SerializationOptions>RecurseChildren</SerializationOptions>
                                <InstallOptions>RecurseChildren</InstallOptions>
                              </PropertyBundleItem>
                            </bundleItem>
                            <bundleItem modelId="a7bdd2d9-93b0-499d-9fd4-c3f7a5f94e28" itemTypeName="Sage.Platform.Orm.Entities.BundleSupport.PropertyBundleItem, Sage.Platform">
                              <PropertyBundleItem xmlns:xsi="http://www.w3.org/2001/XMLSchema-instance" xmlns:xsd="http://www.w3.org/2001/XMLSchema">
                                <ItemId>6021e24d-2055-4063-812f-b7db1443c790</ItemId>
                                <Url>\Entity Model\Saleslogix Application Entities\MailQueue\MailQueue.MAILQUEUE.entity.xml::Properties::FromAddress</Url>
                                <BundleItemType>Other</BundleItemType>
                                <Caption>FromAddress</Caption>
                                <SerializationOptions>RecurseChildren</SerializationOptions>
                                <InstallOptions>RecurseChildren</InstallOptions>
                              </PropertyBundleItem>
                            </bundleItem>
                            <bundleItem modelId="a7bdd2d9-93b0-499d-9fd4-c3f7a5f94e28" itemTypeName="Sage.Platform.Orm.Entities.BundleSupport.PropertyBundleItem, Sage.Platform">
                              <PropertyBundleItem xmlns:xsi="http://www.w3.org/2001/XMLSchema-instance" xmlns:xsd="http://www.w3.org/2001/XMLSchema">
                                <ItemId>f405807f-0912-4b3c-8643-eb6cd16b1b03</ItemId>
                                <Url>\Entity Model\Saleslogix Application Entities\MailQueue\MailQueue.MAILQUEUE.entity.xml::Properties::Subject</Url>
                                <BundleItemType>Other</BundleItemType>
                                <Caption>Subject</Caption>
                                <SerializationOptions>RecurseChildren</SerializationOptions>
                                <InstallOptions>RecurseChildren</InstallOptions>
                              </PropertyBundleItem>
                            </bundleItem>
                            <bundleItem modelId="a7bdd2d9-93b0-499d-9fd4-c3f7a5f94e28" itemTypeName="Sage.Platform.Orm.Entities.BundleSupport.PropertyBundleItem, Sage.Platform">
                              <PropertyBundleItem xmlns:xsi="http://www.w3.org/2001/XMLSchema-instance" xmlns:xsd="http://www.w3.org/2001/XMLSchema">
                                <ItemId>0584ce5f-a2b0-4b65-a747-5c51e4c51dc9</ItemId>
                                <Url>\Entity Model\Saleslogix Application Entities\MailQueue\MailQueue.MAILQUEUE.entity.xml::Properties::Body</Url>
                                <BundleItemType>Other</BundleItemType>
                                <Caption>Body</Caption>
                                <SerializationOptions>RecurseChildren</SerializationOptions>
                                <InstallOptions>RecurseChildren</InstallOptions>
                              </PropertyBundleItem>
                            </bundleItem>
                            <bundleItem modelId="a7bdd2d9-93b0-499d-9fd4-c3f7a5f94e28" itemTypeName="Sage.Platform.Orm.Entities.BundleSupport.PropertyBundleItem, Sage.Platform">
                              <PropertyBundleItem xmlns:xsi="http://www.w3.org/2001/XMLSchema-instance" xmlns:xsd="http://www.w3.org/2001/XMLSchema">
                                <ItemId>e9f442f3-9992-4ddc-b8ed-f64b3bb59ce3</ItemId>
                                <Url>\Entity Model\Saleslogix Application Entities\MailQueue\MailQueue.MAILQUEUE.entity.xml::Properties::IsHtml</Url>
                                <BundleItemType>Other</BundleItemType>
                                <Caption>IsHtml</Caption>
                                <SerializationOptions>RecurseChildren</SerializationOptions>
                                <InstallOptions>RecurseChildren</InstallOptions>
                              </PropertyBundleItem>
                            </bundleItem>
                            <bundleItem modelId="a7bdd2d9-93b0-499d-9fd4-c3f7a5f94e28" itemTypeName="Sage.Platform.Orm.Entities.BundleSupport.PropertyBundleItem, Sage.Platform">
                              <PropertyBundleItem xmlns:xsi="http://www.w3.org/2001/XMLSchema-instance" xmlns:xsd="http://www.w3.org/2001/XMLSchema">
                                <ItemId>636b1d6b-8a74-4acf-90cc-4f15567c3b82</ItemId>
                                <Url>\Entity Model\Saleslogix Application Entities\MailQueue\MailQueue.MAILQUEUE.entity.xml::Properties::ErrorResult</Url>
                                <BundleItemType>Other</BundleItemType>
                                <Caption>ErrorResult</Caption>
                                <SerializationOptions>RecurseChildren</SerializationOptions>
                                <InstallOptions>RecurseChildren</InstallOptions>
                              </PropertyBundleItem>
                            </bundleItem>
                            <bundleItem modelId="a7bdd2d9-93b0-499d-9fd4-c3f7a5f94e28" itemTypeName="Sage.Platform.Orm.Entities.BundleSupport.PropertyBundleItem, Sage.Platform">
                              <PropertyBundleItem xmlns:xsi="http://www.w3.org/2001/XMLSchema-instance" xmlns:xsd="http://www.w3.org/2001/XMLSchema">
                                <ItemId>6f24d08c-fba9-416e-a4d8-cedc97bff8b7</ItemId>
                                <Url>\Entity Model\Saleslogix Application Entities\MailQueue\MailQueue.MAILQUEUE.entity.xml::Properties::RecordForContactId</Url>
                                <BundleItemType>Other</BundleItemType>
                                <Caption>RecordForContactId</Caption>
                                <SerializationOptions>RecurseChildren</SerializationOptions>
                                <InstallOptions>RecurseChildren</InstallOptions>
                              </PropertyBundleItem>
                            </bundleItem>
                            <bundleItem modelId="a7bdd2d9-93b0-499d-9fd4-c3f7a5f94e28" itemTypeName="Sage.Platform.Orm.Entities.BundleSupport.PropertyBundleItem, Sage.Platform">
                              <PropertyBundleItem xmlns:xsi="http://www.w3.org/2001/XMLSchema-instance" xmlns:xsd="http://www.w3.org/2001/XMLSchema">
                                <ItemId>655a61fd-28ca-46fb-abd2-aa2c63750380</ItemId>
                                <Url>\Entity Model\Saleslogix Application Entities\MailQueue\MailQueue.MAILQUEUE.entity.xml::Properties::UserData</Url>
                                <BundleItemType>Other</BundleItemType>
                                <Caption>UserData</Caption>
                                <SerializationOptions>RecurseChildren</SerializationOptions>
                                <InstallOptions>RecurseChildren</InstallOptions>
                              </PropertyBundleItem>
                            </bundleItem>
                            <bundleItem modelId="a7bdd2d9-93b0-499d-9fd4-c3f7a5f94e28" itemTypeName="Sage.Platform.Orm.Entities.BundleSupport.PropertyBundleItem, Sage.Platform">
                              <PropertyBundleItem xmlns:xsi="http://www.w3.org/2001/XMLSchema-instance" xmlns:xsd="http://www.w3.org/2001/XMLSchema">
                                <ItemId>7f47548b-c1f5-461e-b6ea-b10835de5a2b</ItemId>
                                <Url>\Entity Model\Saleslogix Application Entities\MailQueue\MailQueue.MAILQUEUE.entity.xml::Properties::AttachmentPath</Url>
                                <BundleItemType>Other</BundleItemType>
                                <Caption>AttachmentPath</Caption>
                                <SerializationOptions>RecurseChildren</SerializationOptions>
                                <InstallOptions>RecurseChildren</InstallOptions>
                              </PropertyBundleItem>
                            </bundleItem>
                            <bundleItem modelId="a7bdd2d9-93b0-499d-9fd4-c3f7a5f94e28" itemTypeName="Sage.Platform.Orm.Entities.BundleSupport.PropertyBundleItem, Sage.Platform">
                              <PropertyBundleItem xmlns:xsi="http://www.w3.org/2001/XMLSchema-instance" xmlns:xsd="http://www.w3.org/2001/XMLSchema">
                                <ItemId>186d1076-660b-4461-9a73-9236cf24f070</ItemId>
                                <Url>\Entity Model\Saleslogix Application Entities\MailQueue\MailQueue.MAILQUEUE.entity.xml::Properties::DelayUntil</Url>
                                <BundleItemType>Other</BundleItemType>
                                <Caption>DelayUntil</Caption>
                                <SerializationOptions>RecurseChildren</SerializationOptions>
                                <InstallOptions>RecurseChildren</InstallOptions>
                              </PropertyBundleItem>
                            </bundleItem>
                            <bundleItem modelId="a7bdd2d9-93b0-499d-9fd4-c3f7a5f94e28" itemTypeName="Sage.Platform.Orm.Entities.BundleSupport.PropertyBundleItem, Sage.Platform">
                              <PropertyBundleItem xmlns:xsi="http://www.w3.org/2001/XMLSchema-instance" xmlns:xsd="http://www.w3.org/2001/XMLSchema">
                                <ItemId>99487de3-1251-4b68-b608-ddca8dcd707b</ItemId>
                                <Url>\Entity Model\Saleslogix Application Entities\MailQueue\MailQueue.MAILQUEUE.entity.xml::Properties::ErrorAttempts</Url>
                                <BundleItemType>Other</BundleItemType>
                                <Caption>ErrorAttempts</Caption>
                                <SerializationOptions>RecurseChildren</SerializationOptions>
                                <InstallOptions>RecurseChildren</InstallOptions>
                              </PropertyBundleItem>
                            </bundleItem>
                          </children>
                        </bundleItem>
                        <bundleItem modelId="a7bdd2d9-93b0-499d-9fd4-c3f7a5f94e28" itemTypeName="Sage.Platform.Orm.Entities.BundleSupport.EntitySubFolderContext, Sage.Platform">
                          <EntitySubFolderContext xmlns:xsi="http://www.w3.org/2001/XMLSchema-instance" xmlns:xsd="http://www.w3.org/2001/XMLSchema">
                            <ItemId>c56dc119-70aa-40b6-ae95-c539d2150586rules</ItemId>
                            <Url>\Entity Model\Saleslogix Application Entities\MailQueue\MailQueue.MAILQUEUE.entity.xml::Business Rules</Url>
                            <BundleItemType>Container</BundleItemType>
                            <Caption>Business Rules</Caption>
                            <ParentUrl>\Entity Model\Saleslogix Application Entities\MailQueue\MailQueue.MAILQUEUE.entity.xml</ParentUrl>
                            <CaptionKey>rules</CaptionKey>
                          </EntitySubFolderContext>
                          <children>
                            <bundleItem modelId="a7bdd2d9-93b0-499d-9fd4-c3f7a5f94e28" itemTypeName="Sage.Platform.Orm.Entities.BundleSupport.BusinessRuleBundleItem, Sage.Platform">
                              <BusinessRuleBundleItem xmlns:xsi="http://www.w3.org/2001/XMLSchema-instance" xmlns:xsd="http://www.w3.org/2001/XMLSchema">
                                <ItemId>11b3ebfe-6e04-4156-a911-dfa53c595a7e</ItemId>
                                <Url>\Entity Model\Saleslogix Application Entities\MailQueue\MailQueueProcessed.method.xml</Url>
                                <BundleItemType>ModelItem</BundleItemType>
                                <Caption>MailQueueProcessed</Caption>
                              </BusinessRuleBundleItem>
                              <children>
                                <bundleItem modelId="a7bdd2d9-93b0-499d-9fd4-c3f7a5f94e28" itemTypeName="Sage.Platform.Orm.Entities.BundleSupport.StepsSubFolderContext, Sage.Platform">
                                  <StepsSubFolderContext xmlns:xsi="http://www.w3.org/2001/XMLSchema-instance" xmlns:xsd="http://www.w3.org/2001/XMLSchema">
                                    <ItemId>11b3ebfe-6e04-4156-a911-dfa53c595a7epre</ItemId>
                                    <Url>\Entity Model\Saleslogix Application Entities\MailQueue\MailQueueProcessed.method.xml::Pre Execute Steps</Url>
                                    <BundleItemType>Container</BundleItemType>
                                    <Caption>Pre Execute Steps</Caption>
                                    <ParentUrl>\Entity Model\Saleslogix Application Entities\MailQueue\MailQueueProcessed.method.xml</ParentUrl>
                                    <CaptionKey>pre</CaptionKey>
                                  </StepsSubFolderContext>
                                </bundleItem>
                                <bundleItem modelId="a7bdd2d9-93b0-499d-9fd4-c3f7a5f94e28" itemTypeName="Sage.Platform.Orm.Entities.BundleSupport.StepsSubFolderContext, Sage.Platform">
                                  <StepsSubFolderContext xmlns:xsi="http://www.w3.org/2001/XMLSchema-instance" xmlns:xsd="http://www.w3.org/2001/XMLSchema">
                                    <ItemId>11b3ebfe-6e04-4156-a911-dfa53c595a7eprimary</ItemId>
                                    <Url>\Entity Model\Saleslogix Application Entities\MailQueue\MailQueueProcessed.method.xml::Primary Steps</Url>
                                    <BundleItemType>Container</BundleItemType>
                                    <Caption>Primary Steps</Caption>
                                    <ParentUrl>\Entity Model\Saleslogix Application Entities\MailQueue\MailQueueProcessed.method.xml</ParentUrl>
                                    <CaptionKey>primary</CaptionKey>
                                  </StepsSubFolderContext>
                                  <children>
                                    <bundleItem modelId="a7bdd2d9-93b0-499d-9fd4-c3f7a5f94e28" itemTypeName="Sage.Platform.Orm.Entities.BundleSupport.BusinessRuleStepBundleItem, Sage.Platform">
                                      <BusinessRuleStepBundleItem xmlns:xsi="http://www.w3.org/2001/XMLSchema-instance" xmlns:xsd="http://www.w3.org/2001/XMLSchema">
                                        <ItemId>bad72388-9922-484c-9a2f-559748615d41</ItemId>
                                        <Url>\Entity Model\Saleslogix Application Entities\MailQueue\MailQueueProcessed.method.xml::Primary Steps::MailQueueProcessedStep</Url>
                                        <BundleItemType>Other</BundleItemType>
                                        <Caption>MailQueueProcessedStep</Caption>
                                        <SerializationOptions>ProcessDependentUrls</SerializationOptions>
                                        <InstallOptions>ProcessDependentUrls</InstallOptions>
                                      </BusinessRuleStepBundleItem>
                                    </bundleItem>
                                  </children>
                                </bundleItem>
                                <bundleItem modelId="a7bdd2d9-93b0-499d-9fd4-c3f7a5f94e28" itemTypeName="Sage.Platform.Orm.Entities.BundleSupport.StepsSubFolderContext, Sage.Platform">
                                  <StepsSubFolderContext xmlns:xsi="http://www.w3.org/2001/XMLSchema-instance" xmlns:xsd="http://www.w3.org/2001/XMLSchema">
                                    <ItemId>11b3ebfe-6e04-4156-a911-dfa53c595a7epost</ItemId>
                                    <Url>\Entity Model\Saleslogix Application Entities\MailQueue\MailQueueProcessed.method.xml::Post Execute Steps</Url>
                                    <BundleItemType>Container</BundleItemType>
                                    <Caption>Post Execute Steps</Caption>
                                    <ParentUrl>\Entity Model\Saleslogix Application Entities\MailQueue\MailQueueProcessed.method.xml</ParentUrl>
                                    <CaptionKey>post</CaptionKey>
                                  </StepsSubFolderContext>
                                </bundleItem>
                              </children>
                            </bundleItem>
                          </children>
                        </bundleItem>
                        <bundleItem modelId="a7bdd2d9-93b0-499d-9fd4-c3f7a5f94e28" itemTypeName="Sage.Platform.Orm.Entities.BundleSupport.EntitySubFolderContext, Sage.Platform">
                          <EntitySubFolderContext xmlns:xsi="http://www.w3.org/2001/XMLSchema-instance" xmlns:xsd="http://www.w3.org/2001/XMLSchema">
                            <ItemId>c56dc119-70aa-40b6-ae95-c539d2150586events</ItemId>
                            <Url>\Entity Model\Saleslogix Application Entities\MailQueue\MailQueue.MAILQUEUE.entity.xml::Events</Url>
                            <BundleItemType>Container</BundleItemType>
                            <Caption>Events</Caption>
                            <ParentUrl>\Entity Model\Saleslogix Application Entities\MailQueue\MailQueue.MAILQUEUE.entity.xml</ParentUrl>
                            <CaptionKey>events</CaptionKey>
                          </EntitySubFolderContext>
                          <children>
                            <bundleItem modelId="a7bdd2d9-93b0-499d-9fd4-c3f7a5f94e28" itemTypeName="Sage.Platform.Orm.Entities.BundleSupport.BusinessRuleBundleItem, Sage.Platform">
                              <BusinessRuleBundleItem xmlns:xsi="http://www.w3.org/2001/XMLSchema-instance" xmlns:xsd="http://www.w3.org/2001/XMLSchema">
                                <ItemId>775295d2-eda1-4c58-bfb9-01c82d465130</ItemId>
                                <Url>\Entity Model\Saleslogix Application Entities\MailQueue\OnCreate.method.xml</Url>
                                <BundleItemType>ModelItem</BundleItemType>
                                <Caption>OnCreate</Caption>
                              </BusinessRuleBundleItem>
                              <children>
                                <bundleItem modelId="a7bdd2d9-93b0-499d-9fd4-c3f7a5f94e28" itemTypeName="Sage.Platform.Orm.Entities.BundleSupport.StepsSubFolderContext, Sage.Platform">
                                  <StepsSubFolderContext xmlns:xsi="http://www.w3.org/2001/XMLSchema-instance" xmlns:xsd="http://www.w3.org/2001/XMLSchema">
                                    <ItemId>775295d2-eda1-4c58-bfb9-01c82d465130pre</ItemId>
                                    <Url>\Entity Model\Saleslogix Application Entities\MailQueue\OnCreate.method.xml::Pre Execute Steps</Url>
                                    <BundleItemType>Container</BundleItemType>
                                    <Caption>Pre Execute Steps</Caption>
                                    <ParentUrl>\Entity Model\Saleslogix Application Entities\MailQueue\OnCreate.method.xml</ParentUrl>
                                    <CaptionKey>pre</CaptionKey>
                                  </StepsSubFolderContext>
                                </bundleItem>
                                <bundleItem modelId="a7bdd2d9-93b0-499d-9fd4-c3f7a5f94e28" itemTypeName="Sage.Platform.Orm.Entities.BundleSupport.StepsSubFolderContext, Sage.Platform">
                                  <StepsSubFolderContext xmlns:xsi="http://www.w3.org/2001/XMLSchema-instance" xmlns:xsd="http://www.w3.org/2001/XMLSchema">
                                    <ItemId>775295d2-eda1-4c58-bfb9-01c82d465130primary</ItemId>
                                    <Url>\Entity Model\Saleslogix Application Entities\MailQueue\OnCreate.method.xml::Primary Steps</Url>
                                    <BundleItemType>Container</BundleItemType>
                                    <Caption>Primary Steps</Caption>
                                    <ParentUrl>\Entity Model\Saleslogix Application Entities\MailQueue\OnCreate.method.xml</ParentUrl>
                                    <CaptionKey>primary</CaptionKey>
                                  </StepsSubFolderContext>
                                  <children>
                                    <bundleItem modelId="a7bdd2d9-93b0-499d-9fd4-c3f7a5f94e28" itemTypeName="Sage.Platform.Orm.Entities.BundleSupport.BusinessRuleStepBundleItem, Sage.Platform">
                                      <BusinessRuleStepBundleItem xmlns:xsi="http://www.w3.org/2001/XMLSchema-instance" xmlns:xsd="http://www.w3.org/2001/XMLSchema">
                                        <ItemId>481587d2-34b6-4725-93b5-ff3bf32f0aab</ItemId>
                                        <Url>\Entity Model\Saleslogix Application Entities\MailQueue\OnCreate.method.xml::Primary Steps::OnCreate</Url>
                                        <BundleItemType>Other</BundleItemType>
                                        <Caption>OnCreate</Caption>
                                        <SerializationOptions>ProcessDependentUrls</SerializationOptions>
                                        <InstallOptions>ProcessDependentUrls</InstallOptions>
                                      </BusinessRuleStepBundleItem>
                                    </bundleItem>
                                  </children>
                                </bundleItem>
                                <bundleItem modelId="a7bdd2d9-93b0-499d-9fd4-c3f7a5f94e28" itemTypeName="Sage.Platform.Orm.Entities.BundleSupport.StepsSubFolderContext, Sage.Platform">
                                  <StepsSubFolderContext xmlns:xsi="http://www.w3.org/2001/XMLSchema-instance" xmlns:xsd="http://www.w3.org/2001/XMLSchema">
                                    <ItemId>775295d2-eda1-4c58-bfb9-01c82d465130post</ItemId>
                                    <Url>\Entity Model\Saleslogix Application Entities\MailQueue\OnCreate.method.xml::Post Execute Steps</Url>
                                    <BundleItemType>Container</BundleItemType>
                                    <Caption>Post Execute Steps</Caption>
                                    <ParentUrl>\Entity Model\Saleslogix Application Entities\MailQueue\OnCreate.method.xml</ParentUrl>
                                    <CaptionKey>post</CaptionKey>
                                  </StepsSubFolderContext>
                                </bundleItem>
                              </children>
                            </bundleItem>
                          </children>
                        </bundleItem>
                        <bundleItem modelId="a7bdd2d9-93b0-499d-9fd4-c3f7a5f94e28" itemTypeName="Sage.Platform.Orm.Entities.BundleSupport.EntitySubFolderContext, Sage.Platform">
                          <EntitySubFolderContext xmlns:xsi="http://www.w3.org/2001/XMLSchema-instance" xmlns:xsd="http://www.w3.org/2001/XMLSchema">
                            <ItemId>c56dc119-70aa-40b6-ae95-c539d2150586filters</ItemId>
                            <Url>\Entity Model\Saleslogix Application Entities\MailQueue\MailQueue.MAILQUEUE.entity.xml::Filters</Url>
                            <BundleItemType>Container</BundleItemType>
                            <Caption>Filters</Caption>
                            <ParentUrl>\Entity Model\Saleslogix Application Entities\MailQueue\MailQueue.MAILQUEUE.entity.xml</ParentUrl>
                            <CaptionKey>filters</CaptionKey>
                          </EntitySubFolderContext>
                        </bundleItem>
                        <bundleItem modelId="a7bdd2d9-93b0-499d-9fd4-c3f7a5f94e28" itemTypeName="Sage.Platform.Orm.Entities.BundleSupport.EntitySubFolderContext, Sage.Platform">
                          <EntitySubFolderContext xmlns:xsi="http://www.w3.org/2001/XMLSchema-instance" xmlns:xsd="http://www.w3.org/2001/XMLSchema">
                            <ItemId>c56dc119-70aa-40b6-ae95-c539d2150586validationrules</ItemId>
                            <Url>\Entity Model\Saleslogix Application Entities\MailQueue\MailQueue.MAILQUEUE.entity.xml::Validation Rules</Url>
                            <BundleItemType>Container</BundleItemType>
                            <Caption>Validation Rules</Caption>
                            <ParentUrl>\Entity Model\Saleslogix Application Entities\MailQueue\MailQueue.MAILQUEUE.entity.xml</ParentUrl>
                            <CaptionKey>validationrules</CaptionKey>
                          </EntitySubFolderContext>
                        </bundleItem>
                      </children>
                    </bundleItem>
                  </children>
                </bundleItem>
              </children>
            </bundleItem>
          </children>
        </bundleItem>
        <bundleItem modelId="73d4e7d0-a7fa-40ae-8b45-1ad7ed954154" itemTypeName="Sage.Platform.WebPortal.Design.BundleSupport.ManagerBundleItem, Sage.Platform.WebPortal.Design">
          <ManagerBundleItem xmlns:xsi="http://www.w3.org/2001/XMLSchema-instance" xmlns:xsd="http://www.w3.org/2001/XMLSchema">
            <ItemId>\Portal</ItemId>
            <Url>\Portal</Url>
            <BundleItemType>Container</BundleItemType>
            <Caption>Portals</Caption>
          </ManagerBundleItem>
          <children>
            <bundleItem modelId="73d4e7d0-a7fa-40ae-8b45-1ad7ed954154" itemTypeName="Sage.Platform.WebPortal.Design.BundleSupport.ModelItemBundleItem, Sage.Platform.WebPortal.Design">
              <ModelItemBundleItem xmlns:xsi="http://www.w3.org/2001/XMLSchema-instance" xmlns:xsd="http://www.w3.org/2001/XMLSchema">
                <ItemId>485f0498-3e0c-45be-8643-9d27d84eb0f5</ItemId>
                <Url>\Portal\SlxJobService\SlxJobService.cabsch.ptl.xml</Url>
                <BundleItemType>Context</BundleItemType>
                <Caption>Saleslogix Job Service</Caption>
              </ModelItemBundleItem>
              <children>
                <bundleItem modelId="73d4e7d0-a7fa-40ae-8b45-1ad7ed954154" itemTypeName="Sage.Platform.WebPortal.Design.BundleSupport.LinkedFolderBundleItem, Sage.Platform.WebPortal.Design">
                  <LinkedFolderBundleItem xmlns:xsi="http://www.w3.org/2001/XMLSchema-instance" xmlns:xsd="http://www.w3.org/2001/XMLSchema">
                    <ItemId>\Portal\SlxJobService\SlxJobService.cabsch.ptl.xml\SupportFiles</ItemId>
                    <Url>\Portal\SlxJobService\SlxJobService.cabsch.ptl.xml\SupportFiles</Url>
                    <BundleItemType>Context</BundleItemType>
                    <Caption>SupportFiles</Caption>
                    <InstallOptions>SkipItemAndChildren</InstallOptions>
                  </LinkedFolderBundleItem>
                  <children>
                    <bundleItem modelId="73d4e7d0-a7fa-40ae-8b45-1ad7ed954154" itemTypeName="Sage.Platform.WebPortal.Design.BundleSupport.LinkedFolderBundleItem, Sage.Platform.WebPortal.Design">
                      <LinkedFolderBundleItem xmlns:xsi="http://www.w3.org/2001/XMLSchema-instance" xmlns:xsd="http://www.w3.org/2001/XMLSchema">
                        <ItemId>\Portal\SlxJobService\SlxJobService.cabsch.ptl.xml\SupportFiles\bin</ItemId>
                        <Url>\Portal\SlxJobService\SlxJobService.cabsch.ptl.xml\SupportFiles\bin</Url>
                        <BundleItemType>Context</BundleItemType>
                        <Caption>bin</Caption>
                        <InstallOptions>SkipItemAndChildren</InstallOptions>
                      </LinkedFolderBundleItem>
                      <children>
                        <bundleItem modelId="73d4e7d0-a7fa-40ae-8b45-1ad7ed954154" itemTypeName="Sage.Platform.WebPortal.Design.BundleSupport.LinkedFileBundleItem, Sage.Platform.WebPortal.Design">
                          <LinkedFileBundleItem xmlns:xsi="http://www.w3.org/2001/XMLSchema-instance" xmlns:xsd="http://www.w3.org/2001/XMLSchema">
                            <ItemId>\Portal\SlxJobService\SupportFiles\bin\FX.MailQueue.dll</ItemId>
                            <Url>\Portal\SlxJobService\SupportFiles\bin\FX.MailQueue.dll</Url>
                            <BundleItemType>Other</BundleItemType>
                            <Caption>FX.MailQueue.dll</Caption>
                            <InstallOptions>SkipItemAndChildren</InstallOptions>
                            <IsLinkedFile>false</IsLinkedFile>
                            <SourcePath>C:\_RPF\SLX_EVAL\Model\Portal\SlxJobService\SupportFiles\bin\FX.MailQueue.dll</SourcePath>
                            <ParentModelItemUrl>\Portal\SlxJobService\SlxJobService.cabsch.ptl.xml</ParentModelItemUrl>
                            <ProjectPath>SupportFiles\bin\FX.MailQueue.dll</ProjectPath>
                          </LinkedFileBundleItem>
                        </bundleItem>
                      </children>
                    </bundleItem>
                    <bundleItem modelId="73d4e7d0-a7fa-40ae-8b45-1ad7ed954154" itemTypeName="Sage.Platform.WebPortal.Design.BundleSupport.LinkedFileBundleItem, Sage.Platform.WebPortal.Design">
                      <LinkedFileBundleItem xmlns:xsi="http://www.w3.org/2001/XMLSchema-instance" xmlns:xsd="http://www.w3.org/2001/XMLSchema">
                        <ItemId>\Portal\SlxJobService\SupportFiles\FXMailQueue.config</ItemId>
                        <Url>\Portal\SlxJobService\SupportFiles\FXMailQueue.config</Url>
                        <BundleItemType>Other</BundleItemType>
                        <Caption>FXMailQueue.config</Caption>
                        <InstallOptions>SkipItemAndChildren</InstallOptions>
                        <IsLinkedFile>false</IsLinkedFile>
                        <SourcePath>C:\_RPF\SLX_EVAL\Model\Portal\SlxJobService\SupportFiles\FXMailQueue.config</SourcePath>
                        <ParentModelItemUrl>\Portal\SlxJobService\SlxJobService.cabsch.ptl.xml</ParentModelItemUrl>
                        <ProjectPath>SupportFiles\FXMailQueue.config</ProjectPath>
                      </LinkedFileBundleItem>
                    </bundleItem>
                  </children>
                </bundleItem>
                <bundleItem modelId="73d4e7d0-a7fa-40ae-8b45-1ad7ed954154" itemTypeName="Sage.Platform.WebPortal.Design.BundleSupport.ContainerBundleItem, Sage.Platform.WebPortal.Design">
                  <ContainerBundleItem xmlns:xsi="http://www.w3.org/2001/XMLSchema-instance" xmlns:xsd="http://www.w3.org/2001/XMLSchema">
                    <ItemId>\Portal\SlxJobService\SlxJobService.cabsch.ptl.xml\Jobs</ItemId>
                    <Url>\Portal\SlxJobService\SlxJobService.cabsch.ptl.xml\Jobs</Url>
                    <BundleItemType>Container</BundleItemType>
                    <Caption>Jobs</Caption>
                  </ContainerBundleItem>
                  <children>
                    <bundleItem modelId="73d4e7d0-a7fa-40ae-8b45-1ad7ed954154" itemTypeName="Sage.Platform.WebPortal.Design.BundleSupport.ModelItemBundleItem, Sage.Platform.WebPortal.Design">
                      <ModelItemBundleItem xmlns:xsi="http://www.w3.org/2001/XMLSchema-instance" xmlns:xsd="http://www.w3.org/2001/XMLSchema">
                        <ItemId>d269feaa-72a8-4d56-8e81-12067525d449</ItemId>
                        <Url>\Portal\SlxJobService\Jobs\FX.MailQueue.Job.job.xml</Url>
                        <BundleItemType>ModelItem</BundleItemType>
                        <Caption>FX.MailQueue.Job</Caption>
                        <InstallOrderOptions>
                          <BeforeAll>false</BeforeAll>
                          <InstallAfter>31671cdd-ef60-4549-9f0e-f443e408c9b1</InstallAfter>
                        </InstallOrderOptions>
                      </ModelItemBundleItem>
                      <children>
                        <bundleItem modelId="73d4e7d0-a7fa-40ae-8b45-1ad7ed954154" itemTypeName="Sage.Platform.WebPortal.Design.BundleSupport.ModelItemBundleItem, Sage.Platform.WebPortal.Design">
                          <ModelItemBundleItem xmlns:xsi="http://www.w3.org/2001/XMLSchema-instance" xmlns:xsd="http://www.w3.org/2001/XMLSchema">
                            <ItemId>f2a1b010-b6c8-4c3d-84dc-c35212d0a4e0</ItemId>
                            <Url>\Portal\SlxJobService\Triggers\Process Mail Queue.trigger.xml</Url>
                            <BundleItemType>ModelItem</BundleItemType>
                            <Caption>Process Mail Queue</Caption>
                            <InstallOrderOptions>
                              <BeforeAll>false</BeforeAll>
                              <InstallAfter>94731b6d-9404-4567-8c5a-3058dcfacde3</InstallAfter>
                            </InstallOrderOptions>
                          </ModelItemBundleItem>
                        </bundleItem>
                      </children>
                    </bundleItem>
                  </children>
                </bundleItem>
              </children>
            </bundleItem>
            <bundleItem modelId="73d4e7d0-a7fa-40ae-8b45-1ad7ed954154" itemTypeName="Sage.Platform.WebPortal.Design.BundleSupport.ModelItemBundleItem, Sage.Platform.WebPortal.Design">
              <ModelItemBundleItem xmlns:xsi="http://www.w3.org/2001/XMLSchema-instance" xmlns:xsd="http://www.w3.org/2001/XMLSchema">
                <ItemId>73c2d444-e18c-43b0-9543-4022b8632e3a</ItemId>
                <Url>\Portal\sdata\sdata.cabsvc.ptl.xml</Url>
                <BundleItemType>Context</BundleItemType>
                <Caption>SData Integration Host</Caption>
              </ModelItemBundleItem>
              <children>
                <bundleItem modelId="73d4e7d0-a7fa-40ae-8b45-1ad7ed954154" itemTypeName="Sage.Platform.WebPortal.Design.BundleSupport.LinkedFolderBundleItem, Sage.Platform.WebPortal.Design">
                  <LinkedFolderBundleItem xmlns:xsi="http://www.w3.org/2001/XMLSchema-instance" xmlns:xsd="http://www.w3.org/2001/XMLSchema">
                    <ItemId>\Portal\sdata\sdata.cabsvc.ptl.xml\SupportFiles</ItemId>
                    <Url>\Portal\sdata\sdata.cabsvc.ptl.xml\SupportFiles</Url>
                    <BundleItemType>Context</BundleItemType>
                    <Caption>SupportFiles</Caption>
                    <InstallOptions>SkipItemAndChildren</InstallOptions>
                  </LinkedFolderBundleItem>
                  <children>
                    <bundleItem modelId="73d4e7d0-a7fa-40ae-8b45-1ad7ed954154" itemTypeName="Sage.Platform.WebPortal.Design.BundleSupport.LinkedFolderBundleItem, Sage.Platform.WebPortal.Design">
                      <LinkedFolderBundleItem xmlns:xsi="http://www.w3.org/2001/XMLSchema-instance" xmlns:xsd="http://www.w3.org/2001/XMLSchema">
                        <ItemId>\Portal\sdata\sdata.cabsvc.ptl.xml\SupportFiles\bin</ItemId>
                        <Url>\Portal\sdata\sdata.cabsvc.ptl.xml\SupportFiles\bin</Url>
                        <BundleItemType>Context</BundleItemType>
                        <Caption>bin</Caption>
                        <InstallOptions>SkipItemAndChildren</InstallOptions>
                      </LinkedFolderBundleItem>
                      <children>
                        <bundleItem modelId="73d4e7d0-a7fa-40ae-8b45-1ad7ed954154" itemTypeName="Sage.Platform.WebPortal.Design.BundleSupport.LinkedFileBundleItem, Sage.Platform.WebPortal.Design">
                          <LinkedFileBundleItem xmlns:xsi="http://www.w3.org/2001/XMLSchema-instance" xmlns:xsd="http://www.w3.org/2001/XMLSchema">
                            <ItemId>\Portal\sdata\SupportFiles\bin\FX.MailQueue.dll</ItemId>
                            <Url>\Portal\sdata\SupportFiles\bin\FX.MailQueue.dll</Url>
                            <BundleItemType>Other</BundleItemType>
                            <Caption>FX.MailQueue.dll</Caption>
                            <InstallOptions>SkipItemAndChildren</InstallOptions>
                            <IsLinkedFile>false</IsLinkedFile>
                            <SourcePath>C:\_RPF\SLX_EVAL\Model\Portal\sdata\SupportFiles\bin\FX.MailQueue.dll</SourcePath>
                            <ParentModelItemUrl>\Portal\sdata\sdata.cabsvc.ptl.xml</ParentModelItemUrl>
                            <ProjectPath>SupportFiles\bin\FX.MailQueue.dll</ProjectPath>
                          </LinkedFileBundleItem>
                        </bundleItem>
                      </children>
                    </bundleItem>
                  </children>
                </bundleItem>
              </children>
            </bundleItem>
            <bundleItem modelId="73d4e7d0-a7fa-40ae-8b45-1ad7ed954154" itemTypeName="Sage.Platform.WebPortal.Design.BundleSupport.ModelItemBundleItem, Sage.Platform.WebPortal.Design">
              <ModelItemBundleItem xmlns:xsi="http://www.w3.org/2001/XMLSchema-instance" xmlns:xsd="http://www.w3.org/2001/XMLSchema">
                <ItemId>7ace1348-f933-4cc7-a768-4bb4aef766b4</ItemId>
                <Url>\Portal\SDataCustomer\SDataCustomer.cabsvc.ptl.xml</Url>
                <BundleItemType>Context</BundleItemType>
                <Caption>SData for Customer Portal</Caption>
              </ModelItemBundleItem>
              <children>
                <bundleItem modelId="73d4e7d0-a7fa-40ae-8b45-1ad7ed954154" itemTypeName="Sage.Platform.WebPortal.Design.BundleSupport.LinkedFolderBundleItem, Sage.Platform.WebPortal.Design">
                  <LinkedFolderBundleItem xmlns:xsi="http://www.w3.org/2001/XMLSchema-instance" xmlns:xsd="http://www.w3.org/2001/XMLSchema">
                    <ItemId>\Portal\SDataCustomer\SDataCustomer.cabsvc.ptl.xml\SupportFiles</ItemId>
                    <Url>\Portal\SDataCustomer\SDataCustomer.cabsvc.ptl.xml\SupportFiles</Url>
                    <BundleItemType>Context</BundleItemType>
                    <Caption>SupportFiles</Caption>
                    <InstallOptions>SkipItemAndChildren</InstallOptions>
                  </LinkedFolderBundleItem>
                  <children>
                    <bundleItem modelId="73d4e7d0-a7fa-40ae-8b45-1ad7ed954154" itemTypeName="Sage.Platform.WebPortal.Design.BundleSupport.LinkedFolderBundleItem, Sage.Platform.WebPortal.Design">
                      <LinkedFolderBundleItem xmlns:xsi="http://www.w3.org/2001/XMLSchema-instance" xmlns:xsd="http://www.w3.org/2001/XMLSchema">
                        <ItemId>\Portal\SDataCustomer\SDataCustomer.cabsvc.ptl.xml\SupportFiles\bin</ItemId>
                        <Url>\Portal\SDataCustomer\SDataCustomer.cabsvc.ptl.xml\SupportFiles\bin</Url>
                        <BundleItemType>Context</BundleItemType>
                        <Caption>bin</Caption>
                        <InstallOptions>SkipItemAndChildren</InstallOptions>
                      </LinkedFolderBundleItem>
                      <children>
                        <bundleItem modelId="73d4e7d0-a7fa-40ae-8b45-1ad7ed954154" itemTypeName="Sage.Platform.WebPortal.Design.BundleSupport.LinkedFileBundleItem, Sage.Platform.WebPortal.Design">
                          <LinkedFileBundleItem xmlns:xsi="http://www.w3.org/2001/XMLSchema-instance" xmlns:xsd="http://www.w3.org/2001/XMLSchema">
                            <ItemId>\Portal\SDataCustomer\SupportFiles\bin\FX.MailQueue.dll</ItemId>
                            <Url>\Portal\SDataCustomer\SupportFiles\bin\FX.MailQueue.dll</Url>
                            <BundleItemType>Other</BundleItemType>
                            <Caption>FX.MailQueue.dll</Caption>
                            <InstallOptions>SkipItemAndChildren</InstallOptions>
                            <IsLinkedFile>false</IsLinkedFile>
                            <SourcePath>C:\_RPF\SLX_EVAL\Model\Portal\SDataCustomer\SupportFiles\bin\FX.MailQueue.dll</SourcePath>
                            <ParentModelItemUrl>\Portal\SDataCustomer\SDataCustomer.cabsvc.ptl.xml</ParentModelItemUrl>
                            <ProjectPath>SupportFiles\bin\FX.MailQueue.dll</ProjectPath>
                          </LinkedFileBundleItem>
                        </bundleItem>
                      </children>
                    </bundleItem>
                  </children>
                </bundleItem>
              </children>
            </bundleItem>
            <bundleItem modelId="73d4e7d0-a7fa-40ae-8b45-1ad7ed954154" itemTypeName="Sage.Platform.WebPortal.Design.BundleSupport.ModelItemBundleItem, Sage.Platform.WebPortal.Design">
              <ModelItemBundleItem xmlns:xsi="http://www.w3.org/2001/XMLSchema-instance" xmlns:xsd="http://www.w3.org/2001/XMLSchema">
                <ItemId>861ac5fe-b571-4015-a55d-bf63e400e1e7</ItemId>
                <Url>\Portal\SlxClient\SlxClient.cabapp.ptl.xml</Url>
                <BundleItemType>Context</BundleItemType>
                <Caption>SlxClient</Caption>
              </ModelItemBundleItem>
              <children>
                <bundleItem modelId="73d4e7d0-a7fa-40ae-8b45-1ad7ed954154" itemTypeName="Sage.Platform.WebPortal.Design.BundleSupport.LinkedFolderBundleItem, Sage.Platform.WebPortal.Design">
                  <LinkedFolderBundleItem xmlns:xsi="http://www.w3.org/2001/XMLSchema-instance" xmlns:xsd="http://www.w3.org/2001/XMLSchema">
                    <ItemId>\Portal\SlxClient\SlxClient.cabapp.ptl.xml\SupportFiles</ItemId>
                    <Url>\Portal\SlxClient\SlxClient.cabapp.ptl.xml\SupportFiles</Url>
                    <BundleItemType>Context</BundleItemType>
                    <Caption>SupportFiles</Caption>
                    <InstallOptions>SkipItemAndChildren</InstallOptions>
                  </LinkedFolderBundleItem>
                  <children>
                    <bundleItem modelId="73d4e7d0-a7fa-40ae-8b45-1ad7ed954154" itemTypeName="Sage.Platform.WebPortal.Design.BundleSupport.LinkedFolderBundleItem, Sage.Platform.WebPortal.Design">
                      <LinkedFolderBundleItem xmlns:xsi="http://www.w3.org/2001/XMLSchema-instance" xmlns:xsd="http://www.w3.org/2001/XMLSchema">
                        <ItemId>\Portal\SlxClient\SlxClient.cabapp.ptl.xml\SupportFiles\Bin</ItemId>
                        <Url>\Portal\SlxClient\SlxClient.cabapp.ptl.xml\SupportFiles\Bin</Url>
                        <BundleItemType>Context</BundleItemType>
                        <Caption>Bin</Caption>
                        <InstallOptions>SkipItemAndChildren</InstallOptions>
                      </LinkedFolderBundleItem>
                      <children>
                        <bundleItem modelId="73d4e7d0-a7fa-40ae-8b45-1ad7ed954154" itemTypeName="Sage.Platform.WebPortal.Design.BundleSupport.LinkedFileBundleItem, Sage.Platform.WebPortal.Design">
                          <LinkedFileBundleItem xmlns:xsi="http://www.w3.org/2001/XMLSchema-instance" xmlns:xsd="http://www.w3.org/2001/XMLSchema">
                            <ItemId>\Portal\SlxClient\SupportFiles\Bin\FX.MailQueue.dll</ItemId>
                            <Url>\Portal\SlxClient\SupportFiles\Bin\FX.MailQueue.dll</Url>
                            <BundleItemType>Other</BundleItemType>
                            <Caption>FX.MailQueue.dll</Caption>
                            <InstallOptions>SkipItemAndChildren</InstallOptions>
                            <IsLinkedFile>false</IsLinkedFile>
                            <SourcePath>C:\_RPF\SLX_EVAL\Model\Portal\SlxClient\SupportFiles\Bin\FX.MailQueue.dll</SourcePath>
                            <ParentModelItemUrl>\Portal\SlxClient\SlxClient.cabapp.ptl.xml</ParentModelItemUrl>
                            <ProjectPath>SupportFiles\Bin\FX.MailQueue.dll</ProjectPath>
                          </LinkedFileBundleItem>
                        </bundleItem>
                      </children>
                    </bundleItem>
                  </children>
                </bundleItem>
              </children>
            </bundleItem>
            <bundleItem modelId="73d4e7d0-a7fa-40ae-8b45-1ad7ed954154" itemTypeName="Sage.Platform.WebPortal.Design.BundleSupport.ModelItemBundleItem, Sage.Platform.WebPortal.Design">
              <ModelItemBundleItem xmlns:xsi="http://www.w3.org/2001/XMLSchema-instance" xmlns:xsd="http://www.w3.org/2001/XMLSchema">
                <ItemId>826ae928-70e1-4df3-b337-c8c0702d7248</ItemId>
                <Url>\Portal\SLXCustomerPortal\SLXCustomerPortal.cabapp.ptl.xml</Url>
                <BundleItemType>Context</BundleItemType>
                <Caption>Saleslogix Customer Portal</Caption>
              </ModelItemBundleItem>
              <children>
                <bundleItem modelId="73d4e7d0-a7fa-40ae-8b45-1ad7ed954154" itemTypeName="Sage.Platform.WebPortal.Design.BundleSupport.LinkedFolderBundleItem, Sage.Platform.WebPortal.Design">
                  <LinkedFolderBundleItem xmlns:xsi="http://www.w3.org/2001/XMLSchema-instance" xmlns:xsd="http://www.w3.org/2001/XMLSchema">
                    <ItemId>\Portal\SLXCustomerPortal\SLXCustomerPortal.cabapp.ptl.xml\SupportFiles</ItemId>
                    <Url>\Portal\SLXCustomerPortal\SLXCustomerPortal.cabapp.ptl.xml\SupportFiles</Url>
                    <BundleItemType>Context</BundleItemType>
                    <Caption>SupportFiles</Caption>
                    <InstallOptions>SkipItemAndChildren</InstallOptions>
                  </LinkedFolderBundleItem>
                  <children>
                    <bundleItem modelId="73d4e7d0-a7fa-40ae-8b45-1ad7ed954154" itemTypeName="Sage.Platform.WebPortal.Design.BundleSupport.LinkedFolderBundleItem, Sage.Platform.WebPortal.Design">
                      <LinkedFolderBundleItem xmlns:xsi="http://www.w3.org/2001/XMLSchema-instance" xmlns:xsd="http://www.w3.org/2001/XMLSchema">
                        <ItemId>\Portal\SLXCustomerPortal\SLXCustomerPortal.cabapp.ptl.xml\SupportFiles\bin</ItemId>
                        <Url>\Portal\SLXCustomerPortal\SLXCustomerPortal.cabapp.ptl.xml\SupportFiles\bin</Url>
                        <BundleItemType>Context</BundleItemType>
                        <Caption>bin</Caption>
                        <InstallOptions>SkipItemAndChildren</InstallOptions>
                      </LinkedFolderBundleItem>
                      <children>
                        <bundleItem modelId="73d4e7d0-a7fa-40ae-8b45-1ad7ed954154" itemTypeName="Sage.Platform.WebPortal.Design.BundleSupport.LinkedFileBundleItem, Sage.Platform.WebPortal.Design">
                          <LinkedFileBundleItem xmlns:xsi="http://www.w3.org/2001/XMLSchema-instance" xmlns:xsd="http://www.w3.org/2001/XMLSchema">
                            <ItemId>\Portal\SLXCustomerPortal\SupportFiles\bin\FX.MailQueue.dll</ItemId>
                            <Url>\Portal\SLXCustomerPortal\SupportFiles\bin\FX.MailQueue.dll</Url>
                            <BundleItemType>Other</BundleItemType>
                            <Caption>FX.MailQueue.dll</Caption>
                            <InstallOptions>SkipItemAndChildren</InstallOptions>
                            <IsLinkedFile>false</IsLinkedFile>
                            <SourcePath>C:\_RPF\SLX_EVAL\Model\Portal\SLXCustomerPortal\SupportFiles\bin\FX.MailQueue.dll</SourcePath>
                            <ParentModelItemUrl>\Portal\SLXCustomerPortal\SLXCustomerPortal.cabapp.ptl.xml</ParentModelItemUrl>
                            <ProjectPath>SupportFiles\bin\FX.MailQueue.dll</ProjectPath>
                          </LinkedFileBundleItem>
                        </bundleItem>
                      </children>
                    </bundleItem>
                  </children>
                </bundleItem>
              </children>
            </bundleItem>
          </children>
        </bundleItem>
      </children>
    </bundleItem>
  </bundleItemHierarchy>
  <bundleActionHierarchy>
    <bundleItem modelId="af988c91-97c8-4527-b072-e021c9e2cb1a" itemTypeName="Sage.Platform.BundleModel.RootBundleAction, Sage.Platform.BundleModel">
      <RootBundleAction xmlns:xsi="http://www.w3.org/2001/XMLSchema-instance" xmlns:xsd="http://www.w3.org/2001/XMLSchema">
        <ItemId>\Actions</ItemId>
        <Url>\Actions</Url>
        <BundleItemType>Container</BundleItemType>
        <Caption>Bundle Actions</Caption>
      </RootBundleAction>
    </bundleItem>
  </bundleActionHierarchy>
  <itemsToDelete />
  <globalResources />
</BundleManifest>