<?xml version="1.0"?>
<method xmlns:xsi="http://www.w3.org/2001/XMLSchema-instance" xmlns:xsd="http://www.w3.org/2001/XMLSchema" id="11b3ebfe-6e04-4156-a911-dfa53c595a7e" lastModifiedUtc="2018-01-29T17:56:51.4404742Z" name="MailQueueProcessed" methodType="Rule" actionType="None" returnMode="None">
  <extendedMetaData />
  <ExtendedPropertiesCollection>
    <extendee type="Sage.Platform.Orm.Entities.OrmEntityMethod" />
  </ExtendedPropertiesCollection>
  <parameter />
  <preExecuteTargets />
  <methodTargets>
    <methodTarget xsi:type="OrmMethodTargetSnippet" id="1c0b1edb-6a61-45f3-a5de-6ff9ae146270" lastModifiedUtc="2018-01-29T17:56:40.8512904Z" targetType="Sage.BusinessRules.CodeSnippets.MailQueueBusinessRules, Sage.SnippetLibrary.CSharp" targetMethod="MailQueueProcessedStep" active="true" description="This business rule is executed after a MailQueue record has been processed and the email has been sent. Use this to add any custom logic you'd like to have happen after the e-mail has been sent. Note: this is not executed if the e-mail send attempt resulted in an error." codeSnippetId="660f61c5-c54f-41a8-a1d2-7d6359e6deaa">
      <ExtendedPropertiesCollection>
        <extendee type="Sage.Platform.Orm.Entities.OrmMethodTargetSnippet" />
      </ExtendedPropertiesCollection>
    </methodTarget>
  </methodTargets>
  <postExecuteTargets />
</method>