<?xml version="1.0"?>
<method xmlns:xsi="http://www.w3.org/2001/XMLSchema-instance" xmlns:xsd="http://www.w3.org/2001/XMLSchema" id="11b3ebfe-6e04-4156-a911-dfa53c595a7e" lastModifiedUtc="2018-01-29T17:56:51.4404742Z" name="MailQueueProcessed" methodType="Rule" actionType="None" returnMode="None">
  <extendedMetaData />
  <ExtendedPropertiesCollection>
    <extendee type="Sage.Platform.Orm.Entities.OrmEntityMethod" />
  </ExtendedPropertiesCollection>
  <parameter />
  <preExecuteTargets />
  <methodTargets>
    <methodTarget id="bad72388-9922-484c-9a2f-559748615d41" lastModifiedUtc="2018-02-01T20:11:45.4841014Z" targetType="FX.MailQueue.Rules, FX.MailQueue" targetMethod="MailQueueProcessedStep" active="true">
      <ExtendedPropertiesCollection>
        <extendee type="Sage.Platform.Orm.Entities.OrmMethodTarget" />
      </ExtendedPropertiesCollection>
    </methodTarget>
  </methodTargets>
  <postExecuteTargets />
</method>