<?xml version="1.0"?>
<entity xmlns:xsi="http://www.w3.org/2001/XMLSchema-instance" xmlns:xsd="http://www.w3.org/2001/XMLSchema" id="c56dc119-70aa-40b6-ae95-c539d2150586" lastModifiedUtc="2018-01-29T17:53:48.667007Z" manageSchema="true" tableName="MAILQUEUE" name="MailQueue" displayPropertyId="f405807f-0912-4b3c-8643-eb6cd16b1b03" isExtension="false" audited="false" onCreateId="775295d2-eda1-4c58-bfb9-01c82d465130">
  <extendedMetaData />
  <ExtendedPropertiesCollection>
    <extendee type="Sage.Platform.Orm.Entities.OrmEntity">
      <extender guid="1589723d-0536-4bf3-bdd7-3f6f7fe165d0">
        <OrmEntityMetadataExtension>
          <StringExpression>${Subject}</StringExpression>
          <IsHistoryTable>false</IsHistoryTable>
        </OrmEntityMetadataExtension>
      </extender>
      <extender guid="76aa0e24-2c8f-3b71-a1f9-ca6db3db4459">
        <OrmEntitySDataExtension generateFeed="true" pathName="mailQueues" lastUpdatedPropertyId="703fb4e1-78b7-483f-a2d5-570ebe02a7bb" canPost="true" canPut="true" canDelete="true" />
      </extender>
      <extender guid="7ba306ee-9fbc-4c61-98be-bcfd895410ee">
        <OrmEntityImportExtension />
      </extender>
      <extender guid="0878d6db-0383-4cd2-ae88-0e1f6cf9ecd5">
        <OrmEntityBulkActionExtension />
      </extender>
    </extendee>
  </ExtendedPropertiesCollection>
  <keyProperties>
    <keyReference id="f7a9bf5c-58f6-45bc-a8ea-939b38cceae2" ordinalPosition="0" />
  </keyProperties>
  <properties>
    <property xsi:type="OrmFieldProperty" id="f7a9bf5c-58f6-45bc-a8ea-939b38cceae2" lastModifiedUtc="2018-01-29T17:52:13.0983079Z" name="MailQueueId" audited="false" isNullable="false" columnName="MAILQUEUEID" maxLength="12" precision="0" scale="0" ordinal="0" isReadOnly="false">
      <ExtendedPropertiesCollection>
        <extendee type="Sage.Platform.Orm.Entities.OrmFieldProperty">
          <extender guid="ae60621d-9d91-3d9a-b9fb-eb6c8be12131">
            <OrmEntityPropertySDataExtension generate="true" />
          </extender>
          <extender guid="ac7a8695-7689-4c4b-819d-6c3ab7c2e15f">
            <OrmEntityPropertyImportExtension />
          </extender>
          <extender guid="cbb948ad-9154-4174-847a-690a81c1c2e4">
            <OrmEntityPropertyBulkActionExtension />
          </extender>
        </extendee>
      </ExtendedPropertiesCollection>
      <SystemDataType guid="30053f5a-8d40-4db1-b185-1e4128eb26cc">
        <StandardIdDataType />
      </SystemDataType>
    </property>
    <property xsi:type="OrmFieldProperty" id="44e56dc3-9b94-4665-9fab-3f877913d935" lastModifiedUtc="2018-01-29T17:52:13.1003085Z" name="CreateUser" audited="false" columnName="CREATEUSER" maxLength="12" precision="0" scale="0" ordinal="1" isReadOnly="false">
      <ExtendedPropertiesCollection>
        <extendee type="Sage.Platform.Orm.Entities.OrmFieldProperty">
          <extender guid="ae60621d-9d91-3d9a-b9fb-eb6c8be12131">
            <OrmEntityPropertySDataExtension generate="true" />
          </extender>
          <extender guid="ac7a8695-7689-4c4b-819d-6c3ab7c2e15f">
            <OrmEntityPropertyImportExtension />
          </extender>
          <extender guid="cbb948ad-9154-4174-847a-690a81c1c2e4">
            <OrmEntityPropertyBulkActionExtension />
          </extender>
        </extendee>
      </ExtendedPropertiesCollection>
      <SystemDataType guid="30053f5a-8d40-4db1-b185-1e4128eb26cc">
        <StandardIdDataType />
      </SystemDataType>
    </property>
    <property xsi:type="OrmFieldProperty" id="2888cf97-4007-4c5b-8166-540d1829a029" lastModifiedUtc="2018-01-29T17:52:13.1013089Z" name="CreateDate" audited="false" columnName="CREATEDATE" maxLength="0" precision="0" scale="0" ordinal="2" isReadOnly="false">
      <ExtendedPropertiesCollection>
        <extendee type="Sage.Platform.Orm.Entities.OrmFieldProperty">
          <extender guid="ae60621d-9d91-3d9a-b9fb-eb6c8be12131">
            <OrmEntityPropertySDataExtension generate="true" />
          </extender>
          <extender guid="ac7a8695-7689-4c4b-819d-6c3ab7c2e15f">
            <OrmEntityPropertyImportExtension />
          </extender>
          <extender guid="cbb948ad-9154-4174-847a-690a81c1c2e4">
            <OrmEntityPropertyBulkActionExtension />
          </extender>
        </extendee>
      </ExtendedPropertiesCollection>
      <SystemDataType guid="1f08f2eb-87c8-443b-a7c2-a51f590923f5">
        <DateTimeDataType />
      </SystemDataType>
    </property>
    <property xsi:type="OrmFieldProperty" id="ba180a07-fd0e-4df5-a49d-8efc028e90ef" lastModifiedUtc="2018-01-29T17:52:13.1033088Z" name="ModifyUser" audited="false" columnName="MODIFYUSER" maxLength="12" precision="0" scale="0" ordinal="3" isReadOnly="false">
      <ExtendedPropertiesCollection>
        <extendee type="Sage.Platform.Orm.Entities.OrmFieldProperty">
          <extender guid="ae60621d-9d91-3d9a-b9fb-eb6c8be12131">
            <OrmEntityPropertySDataExtension generate="true" />
          </extender>
          <extender guid="ac7a8695-7689-4c4b-819d-6c3ab7c2e15f">
            <OrmEntityPropertyImportExtension />
          </extender>
          <extender guid="cbb948ad-9154-4174-847a-690a81c1c2e4">
            <OrmEntityPropertyBulkActionExtension />
          </extender>
        </extendee>
      </ExtendedPropertiesCollection>
      <SystemDataType guid="30053f5a-8d40-4db1-b185-1e4128eb26cc">
        <StandardIdDataType />
      </SystemDataType>
    </property>
    <property xsi:type="OrmFieldProperty" id="703fb4e1-78b7-483f-a2d5-570ebe02a7bb" lastModifiedUtc="2018-01-29T17:52:13.1043091Z" name="ModifyDate" audited="false" columnName="MODIFYDATE" maxLength="0" precision="0" scale="0" ordinal="4" isReadOnly="false">
      <ExtendedPropertiesCollection>
        <extendee type="Sage.Platform.Orm.Entities.OrmFieldProperty">
          <extender guid="ae60621d-9d91-3d9a-b9fb-eb6c8be12131">
            <OrmEntityPropertySDataExtension generate="true" />
          </extender>
          <extender guid="ac7a8695-7689-4c4b-819d-6c3ab7c2e15f">
            <OrmEntityPropertyImportExtension />
          </extender>
          <extender guid="cbb948ad-9154-4174-847a-690a81c1c2e4">
            <OrmEntityPropertyBulkActionExtension />
          </extender>
        </extendee>
      </ExtendedPropertiesCollection>
      <SystemDataType guid="1f08f2eb-87c8-443b-a7c2-a51f590923f5">
        <DateTimeDataType />
      </SystemDataType>
    </property>
    <property xsi:type="OrmFieldProperty" id="c88cb365-b118-49a7-926d-a801aefc8bb1" lastModifiedUtc="2018-01-29T17:52:13.1063095Z" name="ToAddress" audited="false" columnName="TOADDRESS" maxLength="2000" precision="0" scale="0" ordinal="5" isReadOnly="false">
      <ExtendedPropertiesCollection>
        <extendee type="Sage.Platform.Orm.Entities.OrmFieldProperty">
          <extender guid="ae60621d-9d91-3d9a-b9fb-eb6c8be12131">
            <OrmEntityPropertySDataExtension generate="true" />
          </extender>
          <extender guid="ac7a8695-7689-4c4b-819d-6c3ab7c2e15f">
            <OrmEntityPropertyImportExtension />
          </extender>
          <extender guid="cbb948ad-9154-4174-847a-690a81c1c2e4">
            <OrmEntityPropertyBulkActionExtension />
          </extender>
        </extendee>
      </ExtendedPropertiesCollection>
      <SystemDataType guid="ccc0f01d-7ba5-408e-8526-a3f942354b3a">
        <TextDataType>
          <Length>2000</Length>
        </TextDataType>
      </SystemDataType>
    </property>
    <property xsi:type="OrmFieldProperty" id="6021e24d-2055-4063-812f-b7db1443c790" lastModifiedUtc="2018-01-29T17:52:13.1083087Z" name="FromAddress" audited="false" columnName="FROMADDRESS" maxLength="200" precision="0" scale="0" ordinal="6" isReadOnly="false">
      <ExtendedPropertiesCollection>
        <extendee type="Sage.Platform.Orm.Entities.OrmFieldProperty">
          <extender guid="ae60621d-9d91-3d9a-b9fb-eb6c8be12131">
            <OrmEntityPropertySDataExtension generate="true" />
          </extender>
          <extender guid="ac7a8695-7689-4c4b-819d-6c3ab7c2e15f">
            <OrmEntityPropertyImportExtension />
          </extender>
          <extender guid="cbb948ad-9154-4174-847a-690a81c1c2e4">
            <OrmEntityPropertyBulkActionExtension />
          </extender>
        </extendee>
      </ExtendedPropertiesCollection>
      <SystemDataType guid="ccc0f01d-7ba5-408e-8526-a3f942354b3a">
        <TextDataType>
          <Length>200</Length>
        </TextDataType>
      </SystemDataType>
    </property>
    <property xsi:type="OrmFieldProperty" id="f405807f-0912-4b3c-8643-eb6cd16b1b03" lastModifiedUtc="2018-01-29T17:52:13.1102846Z" name="Subject" audited="false" columnName="SUBJECT" maxLength="4000" precision="0" scale="0" ordinal="7" isReadOnly="false">
      <ExtendedPropertiesCollection>
        <extendee type="Sage.Platform.Orm.Entities.OrmFieldProperty">
          <extender guid="ae60621d-9d91-3d9a-b9fb-eb6c8be12131">
            <OrmEntityPropertySDataExtension generate="true" />
          </extender>
          <extender guid="ac7a8695-7689-4c4b-819d-6c3ab7c2e15f">
            <OrmEntityPropertyImportExtension />
          </extender>
          <extender guid="cbb948ad-9154-4174-847a-690a81c1c2e4">
            <OrmEntityPropertyBulkActionExtension />
          </extender>
        </extendee>
      </ExtendedPropertiesCollection>
      <SystemDataType guid="ccc0f01d-7ba5-408e-8526-a3f942354b3a">
        <TextDataType>
          <Length>4000</Length>
        </TextDataType>
      </SystemDataType>
    </property>
    <property xsi:type="OrmFieldProperty" id="0584ce5f-a2b0-4b65-a747-5c51e4c51dc9" lastModifiedUtc="2018-01-29T17:52:13.1113063Z" name="Body" audited="false" columnName="BODY" maxLength="2147483647" precision="0" scale="0" ordinal="8" isReadOnly="false">
      <ExtendedPropertiesCollection>
        <extendee type="Sage.Platform.Orm.Entities.OrmFieldProperty">
          <extender guid="ae60621d-9d91-3d9a-b9fb-eb6c8be12131">
            <OrmEntityPropertySDataExtension generate="true" />
          </extender>
          <extender guid="ac7a8695-7689-4c4b-819d-6c3ab7c2e15f">
            <OrmEntityPropertyImportExtension />
          </extender>
          <extender guid="cbb948ad-9154-4174-847a-690a81c1c2e4">
            <OrmEntityPropertyBulkActionExtension />
          </extender>
        </extendee>
      </ExtendedPropertiesCollection>
      <SystemDataType guid="f4ca6023-9f5f-4e41-8571-50ba94e8f233">
        <LongTextDataType>
          <Length>2147483647</Length>
        </LongTextDataType>
      </SystemDataType>
    </property>
    <property xsi:type="OrmFieldProperty" id="e9f442f3-9992-4ddc-b8ed-f64b3bb59ce3" lastModifiedUtc="2018-01-29T17:52:13.1133056Z" name="IsHtml" audited="false" columnName="ISHTML" maxLength="1" precision="0" scale="0" ordinal="9" isReadOnly="false">
      <ExtendedPropertiesCollection>
        <extendee type="Sage.Platform.Orm.Entities.OrmFieldProperty">
          <extender guid="ae60621d-9d91-3d9a-b9fb-eb6c8be12131">
            <OrmEntityPropertySDataExtension generate="true" />
          </extender>
          <extender guid="ac7a8695-7689-4c4b-819d-6c3ab7c2e15f">
            <OrmEntityPropertyImportExtension />
          </extender>
          <extender guid="cbb948ad-9154-4174-847a-690a81c1c2e4">
            <OrmEntityPropertyBulkActionExtension />
          </extender>
        </extendee>
      </ExtendedPropertiesCollection>
      <SystemDataType guid="92432b4d-8206-4a96-ba7b-e4cbd374f148">
        <TrueFalseDataType />
      </SystemDataType>
    </property>
    <property xsi:type="OrmFieldProperty" id="636b1d6b-8a74-4acf-90cc-4f15567c3b82" lastModifiedUtc="2018-01-29T17:52:13.1153056Z" name="ErrorResult" audited="false" columnName="ERRORRESULT" maxLength="4000" precision="0" scale="0" ordinal="10" isReadOnly="false">
      <ExtendedPropertiesCollection>
        <extendee type="Sage.Platform.Orm.Entities.OrmFieldProperty">
          <extender guid="ae60621d-9d91-3d9a-b9fb-eb6c8be12131">
            <OrmEntityPropertySDataExtension generate="true" />
          </extender>
          <extender guid="ac7a8695-7689-4c4b-819d-6c3ab7c2e15f">
            <OrmEntityPropertyImportExtension />
          </extender>
          <extender guid="cbb948ad-9154-4174-847a-690a81c1c2e4">
            <OrmEntityPropertyBulkActionExtension />
          </extender>
        </extendee>
      </ExtendedPropertiesCollection>
      <SystemDataType guid="ccc0f01d-7ba5-408e-8526-a3f942354b3a">
        <TextDataType>
          <Length>4000</Length>
        </TextDataType>
      </SystemDataType>
    </property>
    <property xsi:type="OrmFieldProperty" id="6f24d08c-fba9-416e-a4d8-cedc97bff8b7" lastModifiedUtc="2018-01-29T17:52:13.1163057Z" name="RecordForContactId" audited="false" columnName="RECORDFORCONTACTID" maxLength="12" precision="0" scale="0" ordinal="11" isReadOnly="false">
      <ExtendedPropertiesCollection>
        <extendee type="Sage.Platform.Orm.Entities.OrmFieldProperty">
          <extender guid="ae60621d-9d91-3d9a-b9fb-eb6c8be12131">
            <OrmEntityPropertySDataExtension generate="true" />
          </extender>
          <extender guid="ac7a8695-7689-4c4b-819d-6c3ab7c2e15f">
            <OrmEntityPropertyImportExtension />
          </extender>
          <extender guid="cbb948ad-9154-4174-847a-690a81c1c2e4">
            <OrmEntityPropertyBulkActionExtension />
          </extender>
        </extendee>
      </ExtendedPropertiesCollection>
      <SystemDataType guid="30053f5a-8d40-4db1-b185-1e4128eb26cc">
        <StandardIdDataType />
      </SystemDataType>
    </property>
    <property xsi:type="OrmFieldProperty" id="655a61fd-28ca-46fb-abd2-aa2c63750380" lastModifiedUtc="2018-01-29T17:52:13.1183057Z" name="UserData" audited="false" columnName="USERDATA" maxLength="1000" precision="0" scale="0" ordinal="12" isReadOnly="false">
      <ExtendedPropertiesCollection>
        <extendee type="Sage.Platform.Orm.Entities.OrmFieldProperty">
          <extender guid="ae60621d-9d91-3d9a-b9fb-eb6c8be12131">
            <OrmEntityPropertySDataExtension generate="true" />
          </extender>
          <extender guid="ac7a8695-7689-4c4b-819d-6c3ab7c2e15f">
            <OrmEntityPropertyImportExtension />
          </extender>
          <extender guid="cbb948ad-9154-4174-847a-690a81c1c2e4">
            <OrmEntityPropertyBulkActionExtension />
          </extender>
        </extendee>
      </ExtendedPropertiesCollection>
      <SystemDataType guid="ccc0f01d-7ba5-408e-8526-a3f942354b3a">
        <TextDataType>
          <Length>1000</Length>
        </TextDataType>
      </SystemDataType>
    </property>
    <property xsi:type="OrmFieldProperty" id="7f47548b-c1f5-461e-b6ea-b10835de5a2b" lastModifiedUtc="2018-01-29T18:18:37.4087271Z" name="AttachmentPath" audited="false" columnName="ATTACHMENTPATH" maxLength="2000" precision="0" scale="0" ordinal="13" isReadOnly="false">
      <ExtendedPropertiesCollection>
        <extendee type="Sage.Platform.Orm.Entities.OrmFieldProperty">
          <extender guid="ae60621d-9d91-3d9a-b9fb-eb6c8be12131">
            <OrmEntityPropertySDataExtension generate="true" />
          </extender>
          <extender guid="ac7a8695-7689-4c4b-819d-6c3ab7c2e15f">
            <OrmEntityPropertyImportExtension />
          </extender>
          <extender guid="cbb948ad-9154-4174-847a-690a81c1c2e4">
            <OrmEntityPropertyBulkActionExtension />
          </extender>
        </extendee>
      </ExtendedPropertiesCollection>
      <SystemDataType guid="ccc0f01d-7ba5-408e-8526-a3f942354b3a">
        <TextDataType>
          <Length>2000</Length>
        </TextDataType>
      </SystemDataType>
    </property>
    <property xsi:type="OrmFieldProperty" id="186d1076-660b-4461-9a73-9236cf24f070" lastModifiedUtc="2018-02-28T17:53:27.0379977Z" name="DelayUntil" audited="false" columnName="DELAYUNTIL" maxLength="0" precision="0" scale="0" ordinal="14" isReadOnly="false">
      <ExtendedPropertiesCollection>
        <extendee type="Sage.Platform.Orm.Entities.OrmFieldProperty">
          <extender guid="ae60621d-9d91-3d9a-b9fb-eb6c8be12131">
            <OrmEntityPropertySDataExtension generate="true" />
          </extender>
          <extender guid="ac7a8695-7689-4c4b-819d-6c3ab7c2e15f">
            <OrmEntityPropertyImportExtension />
          </extender>
          <extender guid="cbb948ad-9154-4174-847a-690a81c1c2e4">
            <OrmEntityPropertyBulkActionExtension />
          </extender>
        </extendee>
      </ExtendedPropertiesCollection>
      <SystemDataType guid="1f08f2eb-87c8-443b-a7c2-a51f590923f5">
        <DateTimeDataType />
      </SystemDataType>
    </property>
    <property xsi:type="OrmFieldProperty" id="99487de3-1251-4b68-b608-ddca8dcd707b" lastModifiedUtc="2018-02-28T17:53:27.0459974Z" name="ErrorAttempts" audited="false" columnName="ERRORATTEMPTS" maxLength="0" precision="0" scale="0" ordinal="15" isReadOnly="false">
      <ExtendedPropertiesCollection>
        <extendee type="Sage.Platform.Orm.Entities.OrmFieldProperty">
          <extender guid="ae60621d-9d91-3d9a-b9fb-eb6c8be12131">
            <OrmEntityPropertySDataExtension generate="true" />
          </extender>
          <extender guid="ac7a8695-7689-4c4b-819d-6c3ab7c2e15f">
            <OrmEntityPropertyImportExtension />
          </extender>
          <extender guid="cbb948ad-9154-4174-847a-690a81c1c2e4">
            <OrmEntityPropertyBulkActionExtension />
          </extender>
        </extendee>
      </ExtendedPropertiesCollection>
      <SystemDataType guid="47f90249-e4c8-4564-9ae6-e1fa9904f8b8">
        <IntegerDataType />
      </SystemDataType>
    </property>
  </properties>
</entity>