<?xml version="1.0"?>
<method xmlns:xsi="http://www.w3.org/2001/XMLSchema-instance" xmlns:xsd="http://www.w3.org/2001/XMLSchema" id="775295d2-eda1-4c58-bfb9-01c82d465130" lastModifiedUtc="2018-01-29T17:53:48.6910079Z" name="OnCreate" methodType="CrudEvent" actionType="None" returnMode="None">
  <extendedMetaData />
  <ExtendedPropertiesCollection>
    <extendee type="Sage.Platform.Orm.Entities.OrmEntityMethod" />
  </ExtendedPropertiesCollection>
  <parameter />
  <preExecuteTargets />
  <methodTargets>
    <methodTarget xsi:type="OrmMethodTargetSnippet" id="7d31f58d-957f-42bc-bfbe-eb58e3ce9652" lastModifiedUtc="2018-01-29T17:53:29.6968838Z" targetType="Sage.BusinessRules.CodeSnippets.MailQueueBusinessRules, Sage.SnippetLibrary.CSharp" targetMethod="OnCreateStep" active="true" codeSnippetId="b8c62612-3cf0-4631-9c85-ef8c021dc9a2">
      <ExtendedPropertiesCollection>
        <extendee type="Sage.Platform.Orm.Entities.OrmMethodTargetSnippet" />
      </ExtendedPropertiesCollection>
    </methodTarget>
  </methodTargets>
  <postExecuteTargets />
</method>