<?xml version="1.0"?>
<SchedulerTrigger xmlns:xsi="http://www.w3.org/2001/XMLSchema-instance" xmlns:xsd="http://www.w3.org/2001/XMLSchema" id="f2a1b010-b6c8-4c3d-84dc-c35212d0a4e0">
  <InstanceId>25a8a08d2cf9440c977e2d1b1d10021f</InstanceId>
  <JobId>ae6dd84318f446e5b091216d5df8aaf6</JobId>
  <Name>Process Mail Queue</Name>
  <StartTimeUtc xsi:nil="true" />
  <EndTimeUtc xsi:nil="true" />
  <CronExpression>0 0/1 * * * ? *</CronExpression>
  <Priority xsi:nil="true" />
  <Parameters />
</SchedulerTrigger>